subj,metric,time_ms,beta_uV
s1,G,-200.0,0.06580752025110245
s1,G,-180.0,0.1340642051755071
s1,G,-160.0,-0.021693973114423153
s1,G,-140.0,-0.22493759884299647
s1,G,-120.0,-0.12957997915164973
s1,G,-100.0,-0.033618349884395125
s1,G,-80.0,-0.09689200491557505
s1,G,-60.0,-0.057979372040311485
s1,G,-40.0,0.1421463547445532
s1,G,-20.0,0.15577772285353683
s1,G,0.0,0.10457457649364502
s1,A,-200.0,-0.03847743506632986
s1,A,-180.0,-0.048594616657034975
s1,A,-160.0,-0.03433815302883364
s1,A,-140.0,-0.04366612820249889
s1,A,-120.0,-0.028838140036726134
s1,A,-100.0,0.19523865903748128
s1,A,-80.0,0.2272638642301799
s1,A,-60.0,-0.10411932880396048
s1,A,-40.0,-0.15476888070692477
s1,A,-20.0,-0.01497765085350988
s1,A,0.0,0.02467654940406855
s1,I,-200.0,0.05609649875013342
s1,I,-180.0,0.0570592713771754
s1,I,-160.0,0.015305709273076978
s1,I,-140.0,0.1811623002513375
s1,I,-120.0,0.19003109719912395
s1,I,-100.0,-0.10532819971080448
s1,I,-80.0,-0.1629551779634399
s1,I,-60.0,0.09215226873309623
s1,I,-40.0,0.023882386196585628
s1,I,-20.0,-0.20082421281522753
s1,I,0.0,-0.15252266175047802
s2,G,-200.0,-0.013421025200690651
s2,G,-180.0,-0.06028346709702811
s2,G,-160.0,-0.11641019589286655
s2,G,-140.0,-0.13502823140506973
s2,G,-120.0,-0.015802256366880204
s2,G,-100.0,0.0044949347405407215
s2,G,-80.0,0.11949983892958835
s2,G,-60.0,0.16184077655566306
s2,G,-40.0,0.17477533436344023
s2,G,-20.0,-0.0130198914831176
s2,G,0.0,-0.1505760732634557
s2,A,-200.0,-0.004913624697673544
s2,A,-180.0,-0.03631136882616672
s2,A,-160.0,-0.09135265411158713
s2,A,-140.0,-0.07870170611919372
s2,A,-120.0,-0.024067322461472147
s2,A,-100.0,-0.020736630726298437
s2,A,-80.0,0.0858901842598199
s2,A,-60.0,0.13045784611308717
s2,A,-40.0,0.10532507663277584
s2,A,-20.0,-0.023563546063257067
s2,A,0.0,-0.05340131038135562
s2,I,-200.0,0.016006041320976376
s2,I,-180.0,0.14240490585519178
s2,I,-160.0,0.30912918931854444
s2,I,-140.0,0.26697942860286433
s2,I,-120.0,0.04416442694069175
s2,I,-100.0,0.08489758390621013
s2,I,-80.0,-0.026549775501978026
s2,I,-60.0,-0.26718703296225543
s2,I,-40.0,-0.27200470807229093
s2,I,-20.0,-0.23603107097757006
s2,I,0.0,0.00727790534097077
s3,G,-200.0,0.11949570460249045
s3,G,-180.0,0.24841440797204317
s3,G,-160.0,0.14373486538853866
s3,G,-140.0,-0.019249690822275796
s3,G,-120.0,-0.06749710720234325
s3,G,-100.0,-0.062183889896425884
s3,G,-80.0,-0.025642049469500446
s3,G,-60.0,-0.11810809163285955
s3,G,-40.0,-0.12585373339883213
s3,G,-20.0,-0.04112915611794655
s3,G,0.0,-0.15329186499356187
s3,A,-200.0,-0.11287716413320976
s3,A,-180.0,-0.2924184533353746
s3,A,-160.0,-0.26413806009819507
s3,A,-140.0,-0.13718752006606694
s3,A,-120.0,-0.027637096451383625
s3,A,-100.0,0.14953207095467963
s3,A,-80.0,0.19927300942993756
s3,A,-60.0,0.15694808614353617
s3,A,-40.0,0.13484154465922155
s3,A,-20.0,0.11014802467506446
s3,A,0.0,0.22472922214979862
s3,I,-200.0,0.1548067312167492
s3,I,-180.0,0.2720891303462493
s3,I,-160.0,0.16195531915588918
s3,I,-140.0,-0.003181934502055672
s3,I,-120.0,-0.022594482669091913
s3,I,-100.0,-0.08799092713105322
s3,I,-80.0,-0.30940064391686845
s3,I,-60.0,-0.10296293214150294
s3,I,-40.0,-0.02243854807274914
s3,I,-20.0,-0.0022298686046798577
s3,I,0.0,-0.10876443076412634
s4,G,-200.0,0.005224452161480771
s4,G,-180.0,0.012645437628227185
s4,G,-160.0,0.04848675371474917
s4,G,-140.0,0.01734634150686026
s4,G,-120.0,-0.04047312547394248
s4,G,-100.0,-0.08668823217629815
s4,G,-80.0,-0.015007221978354985
s4,G,-60.0,0.016545510730905044
s4,G,-40.0,-0.02406124018992829
s4,G,-20.0,0.023950068231341104
s4,G,0.0,0.056827259127515
s4,A,-200.0,0.0040826255986385444
s4,A,-180.0,-0.03147099138264141
s4,A,-160.0,-0.045941912753312365
s4,A,-140.0,-0.04598815328222515
s4,A,-120.0,-0.014917529747335068
s4,A,-100.0,0.04701015354871747
s4,A,-80.0,0.08070335245190612
s4,A,-60.0,0.06206728176188546
s4,A,-40.0,-0.02045426272118353
s4,A,-20.0,-0.02961543267366082
s4,A,0.0,-0.0061797268638458525
s4,I,-200.0,0.09029371425106952
s4,I,-180.0,0.17082550596546187
s4,I,-160.0,0.081504276374624
s4,I,-140.0,0.03427461574352021
s4,I,-120.0,-0.029579813002987454
s4,I,-100.0,-0.04946366932304912
s4,I,-80.0,-0.10872918577986655
s4,I,-60.0,-0.10604180389400478
s4,I,-40.0,-0.05180874250348566
s4,I,-20.0,-0.02288207355343147
s4,I,0.0,0.010229466694282291
s6,G,-200.0,-0.09062213435937165
s6,G,-180.0,-0.22061423149839554
s6,G,-160.0,-0.2868512898401371
s6,G,-140.0,-0.18449169168498272
s6,G,-120.0,0.06304121519680256
s6,G,-100.0,0.16822359553067695
s6,G,-80.0,0.13105743819973725
s6,G,-60.0,0.2545691037340404
s6,G,-40.0,0.1888047790647046
s6,G,-20.0,0.026674989943729948
s6,G,0.0,-0.15115702775460466
s6,A,-200.0,-0.05699625326314679
s6,A,-180.0,0.051460373498096026
s6,A,-160.0,0.32607215736365247
s6,A,-140.0,0.32194959805689133
s6,A,-120.0,0.24188610640910208
s6,A,-100.0,0.06144678141240992
s6,A,-80.0,-0.25544916487867797
s6,A,-60.0,-0.19200634472423445
s6,A,-40.0,-0.18908511720366164
s6,A,-20.0,-0.1622912351673915
s6,A,0.0,-0.22976847455066174
s6,I,-200.0,-0.003996028584675189
s6,I,-180.0,0.015183531067161499
s6,I,-160.0,0.0592379522268314
s6,I,-140.0,-0.1851112384896959
s6,I,-120.0,-0.19965535670400172
s6,I,-100.0,-0.11572148581459647
s6,I,-80.0,0.029378166690724808
s6,I,-60.0,0.014065905973972302
s6,I,-40.0,0.0599640197092543
s6,I,-20.0,0.14649927025530918
s6,I,0.0,0.23496766676044914
s7,G,-200.0,0.2054929579968141
s7,G,-180.0,0.14917370087666074
s7,G,-160.0,0.1492480302983877
s7,G,-140.0,0.31642780180238556
s7,G,-120.0,0.22614976620278007
s7,G,-100.0,0.023297276396075567
s7,G,-80.0,-0.049807241801679725
s7,G,-60.0,-0.1057890234567918
s7,G,-40.0,-0.2964469990683931
s7,G,-20.0,-0.39507550349265214
s7,G,0.0,-0.39563946828601076
s7,A,-200.0,-0.10890919073834618
s7,A,-180.0,-0.09004571129799517
s7,A,-160.0,0.038741438642063565
s7,A,-140.0,0.02829647518116204
s7,A,-120.0,0.03857417288731306
s7,A,-100.0,0.12711872286327877
s7,A,-80.0,0.08873263150336624
s7,A,-60.0,0.0528200184066457
s7,A,-40.0,-0.109915030875851
s7,A,-20.0,-0.034504174955092184
s7,A,0.0,-0.10068598186919611
s7,I,-200.0,-0.02094643732986954
s7,I,-180.0,-0.01750870110750302
s7,I,-160.0,-0.10617704594724879
s7,I,-140.0,-0.23503162494826763
s7,I,-120.0,-0.01646311839631348
s7,I,-100.0,-0.059408438187490704
s7,I,-80.0,-0.05890033771456443
s7,I,-60.0,-0.05301537015041305
s7,I,-40.0,0.31546113568231005
s7,I,-20.0,0.1756428704932583
s7,I,0.0,0.20398427325377377
s8,G,-200.0,0.009840175981758823
s8,G,-180.0,0.01422585302246674
s8,G,-160.0,0.011526975872791962
s8,G,-140.0,0.016370505926462147
s8,G,-120.0,0.0006094179559722867
s8,G,-100.0,-0.02696781896732149
s8,G,-80.0,-0.03550972131706523
s8,G,-60.0,0.02009820826630828
s8,G,-40.0,-0.06698733062620235
s8,G,-20.0,0.017020687497941417
s8,G,0.0,0.05599690572906349
s8,A,-200.0,-0.013488157323613333
s8,A,-180.0,-0.11590433480190653
s8,A,-160.0,-0.07881640487017963
s8,A,-140.0,-0.012119050838960786
s8,A,-120.0,0.06346271695349963
s8,A,-100.0,0.040254733394626784
s8,A,-80.0,0.11901048236576484
s8,A,-60.0,0.031128856854136487
s8,A,-40.0,0.03148341131412968
s8,A,-20.0,-0.04361202425828454
s8,A,0.0,-0.055546580134165364
s8,I,-200.0,-0.03502133738656925
s8,I,-180.0,0.018898225084550538
s8,I,-160.0,0.05345544461532778
s8,I,-140.0,-0.06548648941405771
s8,I,-120.0,-0.1371197625755436
s8,I,-100.0,-0.1054617303232244
s8,I,-80.0,-0.04012125578218046
s8,I,-60.0,0.10961512753175848
s8,I,-40.0,0.09585192903135381
s8,I,-20.0,0.06796861062020118
s8,I,0.0,0.05546409090404923
s9,G,-200.0,-0.008716878590785536
s9,G,-180.0,-0.06818733102887056
s9,G,-160.0,-0.028147364262446205
s9,G,-140.0,-0.037109000712477976
s9,G,-120.0,-0.027549567696356837
s9,G,-100.0,-0.009336154850545397
s9,G,-80.0,-0.08478473035301769
s9,G,-60.0,-0.03897179303637611
s9,G,-40.0,0.0786837107040592
s9,G,-20.0,0.1567451276166415
s9,G,0.0,0.07643517238578319
s9,A,-200.0,0.048082373773343956
s9,A,-180.0,0.04982695138204736
s9,A,-160.0,-0.10157456950171893
s9,A,-140.0,-0.1269831015068227
s9,A,-120.0,-0.12235633238225987
s9,A,-100.0,0.04320477972579831
s9,A,-80.0,0.024960954833791495
s9,A,-60.0,-0.06884327973868021
s9,A,-40.0,0.0210410357501941
s9,A,-20.0,0.12010070575129067
s9,A,0.0,0.17975459378213993
s9,I,-200.0,-0.10110417757410048
s9,I,-180.0,-0.02369454936132545
s9,I,-160.0,0.26768040896285195
s9,I,-140.0,0.1884803505343425
s9,I,-120.0,0.061505533484117206
s9,I,-100.0,-0.04909224927700445
s9,I,-80.0,0.04464034437307178
s9,I,-60.0,0.13850671349586022
s9,I,-40.0,-0.1649584349742979
s9,I,-20.0,-0.24447936011132732
s9,I,0.0,-0.21087589808450508
s10,G,-200.0,0.014579816634422496
s10,G,-180.0,0.11695325116770766
s10,G,-160.0,0.096674808217266
s10,G,-140.0,0.1015358282016309
s10,G,-120.0,0.11342837727373144
s10,G,-100.0,0.0336100816432486
s10,G,-80.0,-0.1641678009380162
s10,G,-60.0,-0.2748630975285979
s10,G,-40.0,-0.16706925897309183
s10,G,-20.0,0.03856558146409357
s10,G,0.0,0.1521544143211002
s10,A,-200.0,0.07698015965035312
s10,A,-180.0,-0.007808766554139562
s10,A,-160.0,-0.1495875308377783
s10,A,-140.0,0.02592035556158316
s10,A,-120.0,0.14532069963775557
s10,A,-100.0,-0.0017645865727942273
s10,A,-80.0,-0.13537085118306771
s10,A,-60.0,-0.06145351308446689
s10,A,-40.0,0.11021800758704678
s10,A,-20.0,0.08207597544450193
s10,A,0.0,-0.20082242018777466
s10,I,-200.0,0.020261437119091907
s10,I,-180.0,-0.09585965168140842
s10,I,-160.0,-0.029808370311010933
s10,I,-140.0,-0.0930472581928415
s10,I,-120.0,-0.22852521517178612
s10,I,-100.0,0.08149890673832137
s10,I,-80.0,0.2339169617036051
s10,I,-60.0,0.20511191692676217
s10,I,-40.0,0.02836619199932676
s10,I,-20.0,-0.13057001512220076
s10,I,0.0,0.01026502150825663
s11,G,-200.0,0.01024147470781316
s11,G,-180.0,0.00815967444707307
s11,G,-160.0,-0.007890637676005452
s11,G,-140.0,0.009153391698311773
s11,G,-120.0,-0.06996494025192979
s11,G,-100.0,-0.04658210821992642
s11,G,-80.0,0.13378287628139807
s11,G,-60.0,0.07452240511447977
s11,G,-40.0,-0.09916140131675297
s11,G,-20.0,0.022936203066702923
s11,G,0.0,-0.11339508146481603
s11,A,-200.0,0.021299365600979215
s11,A,-180.0,-0.03592228760371277
s11,A,-160.0,-0.129014480667091
s11,A,-140.0,-0.0178847131805992
s11,A,-120.0,-0.01980569368973538
s11,A,-100.0,0.038718321122542906
s11,A,-80.0,0.061579635373760516
s11,A,-60.0,0.06498368786402911
s11,A,-40.0,0.015697791702817737
s11,A,-20.0,-0.021717051184476505
s11,A,0.0,0.002556580676958936
s11,I,-200.0,-0.02623911042814008
s11,I,-180.0,-0.008227378871233294
s11,I,-160.0,0.31984824768541414
s11,I,-140.0,0.10352836652245119
s11,I,-120.0,0.13002324767918988
s11,I,-100.0,0.10000958723074432
s11,I,-80.0,-0.12122589145533597
s11,I,-60.0,-0.15197652252206711
s11,I,-40.0,-0.010580949065494463
s11,I,-20.0,-0.18795781719675855
s11,I,0.0,-0.17708215928464618
s12,G,-200.0,0.02351593891375522
s12,G,-180.0,0.12153645509672276
s12,G,-160.0,0.15631055946881758
s12,G,-140.0,0.09282232431245145
s12,G,-120.0,0.07922492734875738
s12,G,-100.0,0.07997350182862135
s12,G,-80.0,0.00337246951354523
s12,G,-60.0,-0.19562265101241755
s12,G,-40.0,-0.13195306802219445
s12,G,-20.0,-0.1354494955000952
s12,G,0.0,-0.14689949994494053
s12,A,-200.0,0.07667277745984147
s12,A,-180.0,0.07018864986200268
s12,A,-160.0,-0.11881211729014668
s12,A,-140.0,-0.048593388513818045
s12,A,-120.0,0.016528780766180386
s12,A,-100.0,-0.12133016982435271
s12,A,-80.0,-0.1816905204917523
s12,A,-60.0,-0.058650266392697575
s12,A,-40.0,0.12193582006627499
s12,A,-20.0,0.14049057626541797
s12,A,0.0,0.18514312094814822
s12,I,-200.0,-0.019732103451292927
s12,I,-180.0,0.005308479328476737
s12,I,-160.0,0.08924620119016125
s12,I,-140.0,0.14818758501390647
s12,I,-120.0,-0.04383669900177411
s12,I,-100.0,0.1415219170713955
s12,I,-80.0,0.29253968093793936
s12,I,-60.0,-0.07163999107972222
s12,I,-40.0,-0.42409724965690154
s12,I,-20.0,-0.09950490932130573
s12,I,0.0,-0.15192620870344828
s13,G,-200.0,-0.1371110574219897
s13,G,-180.0,-0.22913842380363225
s13,G,-160.0,0.0068607779433919325
s13,G,-140.0,0.159110785345424
s13,G,-120.0,0.2548165280074076
s13,G,-100.0,-0.19100353866037345
s13,G,-80.0,-0.06673583586990638
s13,G,-60.0,0.023083856554407332
s13,G,-40.0,0.0008514972044630781
s13,G,-20.0,0.12456249356469726
s13,G,0.0,0.07388062268159949
s13,A,-200.0,0.028654951675454402
s13,A,-180.0,0.1326728577303
s13,A,-160.0,-0.0878859060917945
s13,A,-140.0,-0.16889422756618405
s13,A,-120.0,-0.18339912613921588
s13,A,-100.0,0.020014444413090464
s13,A,-80.0,0.014828086227316972
s13,A,-60.0,-0.04949220016258808
s13,A,-40.0,0.0579564816026596
s13,A,-20.0,0.16140193565993133
s13,A,0.0,0.1737664065966566
s13,I,-200.0,0.08163768910905606
s13,I,-180.0,-0.009243102839391379
s13,I,-160.0,0.24410026089686626
s13,I,-140.0,0.11169032570381324
s13,I,-120.0,0.05542836813720353
s13,I,-100.0,0.12190097010090294
s13,I,-80.0,0.27219999097318753
s13,I,-60.0,0.08826987511631407
s13,I,-40.0,-0.41818632435691827
s13,I,-20.0,-0.45586729496321765
s13,I,0.0,-0.1572084528665967
s14,G,-200.0,-0.001832481899111428
s14,G,-180.0,-0.030238361996934277
s14,G,-160.0,-0.0534461803664494
s14,G,-140.0,-0.3392725733154915
s14,G,-120.0,-0.35828575673526675
s14,G,-100.0,-0.19418477608069618
s14,G,-80.0,0.029430108005238716
s14,G,-60.0,0.35539554088399217
s14,G,-40.0,0.39700579833478156
s14,G,-20.0,0.1707032581876707
s14,G,0.0,0.06576830298910363
s14,A,-200.0,0.13745915958369825
s14,A,-180.0,0.06668026491653144
s14,A,-160.0,-0.1683961684862551
s14,A,-140.0,0.02754792880314494
s14,A,-120.0,0.21280084021455048
s14,A,-100.0,0.19784247086176815
s14,A,-80.0,-0.06548591210159621
s14,A,-60.0,-0.138857892148309
s14,A,-40.0,-0.1148433579717183
s14,A,-20.0,-0.056713296127166093
s14,A,0.0,-0.09374760635450091
s14,I,-200.0,-0.23048470350228148
s14,I,-180.0,0.011711331283696738
s14,I,-160.0,0.06442611017280725
s14,I,-140.0,-0.159407726716366
s14,I,-120.0,-0.16367042103760282
s14,I,-100.0,-0.10466810438802956
s14,I,-80.0,0.18932274309516312
s14,I,-60.0,-0.2655223379522406
s14,I,-40.0,0.08155142092848702
s14,I,-20.0,0.3934203070048197
s14,I,0.0,0.29951266049973224
s15,G,-200.0,-0.044382205359716535
s15,G,-180.0,-0.08276192877949391
s15,G,-160.0,0.04808562733456351
s15,G,-140.0,0.019518546938326747
s15,G,-120.0,-0.12989322395054323
s15,G,-100.0,-0.12796669988276485
s15,G,-80.0,0.0587648126641041
s15,G,-60.0,0.24206421904110392
s15,G,-40.0,0.051781847611650306
s15,G,-20.0,-0.058943523710446505
s15,G,0.0,0.13724654132773198
s15,A,-200.0,-0.15630593586755998
s15,A,-180.0,-0.20424787398523953
s15,A,-160.0,0.19096448025669838
s15,A,-140.0,0.3185338474012795
s15,A,-120.0,0.29176394340392003
s15,A,-100.0,0.10250292845965177
s15,A,-80.0,0.15797173250969937
s15,A,-60.0,-0.11862575147385122
s15,A,-40.0,-0.3235541917432836
s15,A,-20.0,-0.21556782464285457
s15,A,0.0,-0.029486052165771742
s15,I,-200.0,0.13720045972942851
s15,I,-180.0,0.1376110176219001
s15,I,-160.0,-0.2807126200298131
s15,I,-140.0,-0.43191522607764693
s15,I,-120.0,-0.2447524422867186
s15,I,-100.0,0.11151496597813837
s15,I,-80.0,-0.31359625902026533
s15,I,-60.0,0.019907830319130602
s15,I,-40.0,0.40750244604957153
s15,I,-20.0,0.2931787692225098
s15,I,0.0,0.24949444901359694
s16,G,-200.0,0.14670145787068492
s16,G,-180.0,0.21403821029513675
s16,G,-160.0,0.09235413311284874
s16,G,-140.0,0.0755121664164293
s16,G,-120.0,-0.09423781105157972
s16,G,-100.0,-0.06030586689579037
s16,G,-80.0,-0.006303496303146562
s16,G,-60.0,-0.13247712125898772
s16,G,-40.0,-0.1349717655015655
s16,G,-20.0,-0.10166996091397874
s16,G,0.0,0.03797683091231224
s16,A,-200.0,0.010570379682630568
s16,A,-180.0,0.008787140385007816
s16,A,-160.0,-0.07710468916263502
s16,A,-140.0,-0.21457910610542127
s16,A,-120.0,-0.11901101465811541
s16,A,-100.0,0.058673515460582734
s16,A,-80.0,-0.0035619118934285335
s16,A,-60.0,0.026921964385982614
s16,A,-40.0,0.04911972087197322
s16,A,-20.0,0.1557108047092561
s16,A,0.0,0.19849269198073857
s16,I,-200.0,0.06665650354294196
s16,I,-180.0,0.12548120925568135
s16,I,-160.0,0.2826923963425488
s16,I,-140.0,0.44058531177696303
s16,I,-120.0,0.2878019337433951
s16,I,-100.0,-0.08012052869338206
s16,I,-80.0,-0.17635787398851216
s16,I,-60.0,-0.1029422970530168
s16,I,-40.0,-0.1456235420418459
s16,I,-20.0,-0.39863046152286674
s16,I,0.0,-0.558966537959823
s17,G,-200.0,0.025300996859720745
s17,G,-180.0,-0.033088612725362024
s17,G,-160.0,-0.19308246796585302
s17,G,-140.0,-0.19844232642579449
s17,G,-120.0,-0.15909404287863937
s17,G,-100.0,-0.1856390277337276
s17,G,-80.0,0.04137103775175896
s17,G,-60.0,0.07533651550364924
s17,G,-40.0,0.2026234413272054
s17,G,-20.0,0.28539337682425114
s17,G,0.0,0.1644818639448188
s17,A,-200.0,0.034072129329141276
s17,A,-180.0,0.09717096129402222
s17,A,-160.0,0.17619656176617288
s17,A,-140.0,-0.025289714965844617
s17,A,-120.0,-0.12473987626160418
s17,A,-100.0,-0.10384877612112542
s17,A,-80.0,-0.17482843413451973
s17,A,-60.0,0.04411732296363909
s17,A,-40.0,0.04741811992892487
s17,A,-20.0,0.0051251381796166215
s17,A,0.0,0.09920617531686476
s17,I,-200.0,0.016228971972319508
s17,I,-180.0,0.04082433829693296
s17,I,-160.0,0.0385761979602947
s17,I,-140.0,0.21357767592690968
s17,I,-120.0,0.14418119208074437
s17,I,-100.0,-0.03423718115215619
s17,I,-80.0,0.009912531673595959
s17,I,-60.0,-0.025162686411132944
s17,I,-40.0,-0.08023545013759602
s17,I,-20.0,-0.1692068018816642
s17,I,0.0,-0.20492513366698062
s18,G,-200.0,-0.03742209642787139
s18,G,-180.0,-0.10728721141531085
s18,G,-160.0,-0.10853439099674464
s18,G,-140.0,0.004933618071133722
s18,G,-120.0,0.12360054872408706
s18,G,-100.0,0.11947057125556691
s18,G,-80.0,0.019017395198646203
s18,G,-60.0,-0.05573363802583238
s18,G,-40.0,0.030824472327494898
s18,G,-20.0,0.02937274816492847
s18,G,0.0,-0.022814449180393874
s18,A,-200.0,0.013640023192421562
s18,A,-180.0,-0.009618708656518898
s18,A,-160.0,-0.057267328251449486
s18,A,-140.0,-0.05384560976325669
s18,A,-120.0,-0.029778208476913502
s18,A,-100.0,-0.02261598990438927
s18,A,-80.0,-0.0407361027260739
s18,A,-60.0,-0.004508618117053483
s18,A,-40.0,-0.005585748461883593
s18,A,-20.0,0.11722331670707963
s18,A,0.0,0.13230487994024226
s18,I,-200.0,0.09251047146121177
s18,I,-180.0,0.17666617123140738
s18,I,-160.0,0.19086584927610942
s18,I,-140.0,0.12616110226596036
s18,I,-120.0,-0.047818559616755164
s18,I,-100.0,-0.13990221846959636
s18,I,-80.0,-0.07017901883868627
s18,I,-60.0,-0.026518660743464813
s18,I,-40.0,-0.0476637752752188
s18,I,-20.0,-0.14602512706665513
s18,I,0.0,-0.1683352600814006
s19,G,-200.0,-0.011684049092980694
s19,G,-180.0,0.019388827222637427
s19,G,-160.0,0.022543260169448645
s19,G,-140.0,0.040450320193779005
s19,G,-120.0,0.09694708951264888
s19,G,-100.0,0.07472971319393272
s19,G,-80.0,-0.07929917474483592
s19,G,-60.0,-0.059089029855318394
s19,G,-40.0,-0.08630104545124564
s19,G,-20.0,-0.017951029724226523
s19,G,0.0,0.036449099619946676
s19,A,-200.0,0.04801484304894386
s19,A,-180.0,-0.04309992648312039
s19,A,-160.0,-0.08891089041901075
s19,A,-140.0,0.13342153846540625
s19,A,-120.0,0.1014952909333073
s19,A,-100.0,-0.06406023911520875
s19,A,-80.0,-0.05381957559931526
s19,A,-60.0,-0.0322082070081101
s19,A,-40.0,-0.019089471916461896
s19,A,-20.0,0.018595921816414646
s19,A,0.0,-0.030562958637061082
s19,I,-200.0,-0.02348585183505631
s19,I,-180.0,-0.16400228245269757
s19,I,-160.0,-0.09128977029512174
s19,I,-140.0,0.02386664285199603
s19,I,-120.0,0.05450230494439548
s19,I,-100.0,0.16789331279987957
s19,I,-80.0,0.12713101689695402
s19,I,-60.0,0.055134843906066044
s19,I,-40.0,0.10025701457749848
s19,I,-20.0,-0.1771704052489318
s19,I,0.0,-0.1067449994481603
s20,G,-200.0,-0.009246244308917809
s20,G,-180.0,-0.03001282768612651
s20,G,-160.0,-0.024072862160990194
s20,G,-140.0,0.08301365948077119
s20,G,-120.0,0.06284923574062538
s20,G,-100.0,0.04568677553461724
s20,G,-80.0,-0.038455362538898606
s20,G,-60.0,-0.12867594856987347
s20,G,-40.0,0.0508478004060927
s20,G,-20.0,0.011618214898075754
s20,G,0.0,-0.07748993092803791
s20,A,-200.0,-0.15071177699618263
s20,A,-180.0,-0.2734558139353884
s20,A,-160.0,-0.04245118822888705
s20,A,-140.0,0.0033383360229936737
s20,A,-120.0,-0.18618690178258462
s20,A,-100.0,-0.16196892191008536
s20,A,-80.0,0.12595611754490602
s20,A,-60.0,0.26161353959214334
s20,A,-40.0,0.31797605800385875
s20,A,-20.0,0.08130536967656454
s20,A,0.0,0.10617499565773157
s20,I,-200.0,0.28458897370998804
s20,I,-180.0,0.3129233750513536
s20,I,-160.0,-0.06937297983450544
s20,I,-140.0,-0.051048666541880144
s20,I,-120.0,0.08321807979819262
s20,I,-100.0,-0.05946470627133724
s20,I,-80.0,-0.2298138796327389
s20,I,-60.0,-0.21936302059382468
s20,I,-40.0,0.02200956842489625
s20,I,-20.0,0.006988211599614512
s20,I,0.0,-0.032390475414525804
s21,G,-200.0,-0.21605022145995006
s21,G,-180.0,-0.31549064623082956
s21,G,-160.0,0.1300266223181286
s21,G,-140.0,-0.20126390660238833
s21,G,-120.0,0.01367493698835702
s21,G,-100.0,0.17742392034362686
s21,G,-80.0,0.09369320737665447
s21,G,-60.0,0.010025560390579533
s21,G,-40.0,0.11801084625663152
s21,G,-20.0,0.10663938366155369
s21,G,0.0,0.10880861584049961
s21,A,-200.0,0.20443864440111925
s21,A,-180.0,0.22870121572471042
s21,A,-160.0,-0.012393581277361027
s21,A,-140.0,0.2490032281858346
s21,A,-120.0,0.09351254302775905
s21,A,-100.0,-0.4113138771670685
s21,A,-80.0,-0.4392906505977297
s21,A,-60.0,-0.11632968469835184
s21,A,-40.0,0.10877565789833406
s21,A,-20.0,0.08256785918378133
s21,A,0.0,0.020558191130067655
s21,I,-200.0,-0.323893696451927
s21,I,-180.0,-0.23791928475830612
s21,I,-160.0,-0.04132858160978576
s21,I,-140.0,0.010940831635352385
s21,I,-120.0,0.22724342172509893
s21,I,-100.0,0.4911177632065897
s21,I,-80.0,0.40686833156410473
s21,I,-60.0,-0.2377111915942968
s21,I,-40.0,-0.16991414081086884
s21,I,-20.0,-0.1101745518249257
s21,I,0.0,-0.0037622156575558077
s22,G,-200.0,0.0846413893623157
s22,G,-180.0,0.1554479857843188
s22,G,-160.0,0.18506481688387555
s22,G,-140.0,0.06956801410084228
s22,G,-120.0,-0.10473917397636633
s22,G,-100.0,-0.22725890240475352
s22,G,-80.0,-0.14359841086893227
s22,G,-60.0,0.0509067020948791
s22,G,-40.0,-0.02762982662494426
s22,G,-20.0,-0.05133858772424628
s22,G,0.0,0.01021720000132914
s22,A,-200.0,-0.08409371382708394
s22,A,-180.0,-0.08446744467488387
s22,A,-160.0,0.16277157174044957
s22,A,-140.0,0.251690042246422
s22,A,-120.0,0.032843902400322485
s22,A,-100.0,-0.03497040125222982
s22,A,-80.0,0.004088192418487452
s22,A,-60.0,-0.1519565685124462
s22,A,-40.0,-0.11424826769141187
s22,A,-20.0,0.016250556340769613
s22,A,0.0,-0.02991471417408577
s22,I,-200.0,0.057909574859245236
s22,I,-180.0,0.11708884742833052
s22,I,-160.0,0.008291487428914732
s22,I,-140.0,-0.03636726842174839
s22,I,-120.0,0.15140789206132926
s22,I,-100.0,0.06606459047009484
s22,I,-80.0,-0.17333200307878502
s22,I,-60.0,0.07801796108852284
s22,I,-40.0,-0.08503240855464786
s22,I,-20.0,-0.14044630452100187
s22,I,0.0,-0.0072443803312680025
s23,G,-200.0,0.02197808074157974
s23,G,-180.0,-0.05000228193953041
s23,G,-160.0,-0.16169281461192506
s23,G,-140.0,-0.04937300927375057
s23,G,-120.0,-0.06154307149712579
s23,G,-100.0,0.03830351485306517
s23,G,-80.0,0.2027835660332099
s23,G,-60.0,0.2178413805243476
s23,G,-40.0,-0.008924157925827887
s23,G,-20.0,-0.11688072004012337
s23,G,0.0,-0.10763442649793564
s23,A,-200.0,-0.07425253665157044
s23,A,-180.0,-0.0942529490430315
s23,A,-160.0,-0.017441818352991842
s23,A,-140.0,0.016788034522309876
s23,A,-120.0,0.0577048629412327
s23,A,-100.0,-0.021282639235333554
s23,A,-80.0,-0.1534100639090064
s23,A,-60.0,-0.16632272975275575
s23,A,-40.0,0.062376239148907275
s23,A,-20.0,0.23314783566296707
s23,A,0.0,0.2799510382998579
s23,I,-200.0,0.09029431394810516
s23,I,-180.0,0.13816847020880857
s23,I,-160.0,0.055135480176726766
s23,I,-140.0,0.013225342063596407
s23,I,-120.0,0.0437123048293842
s23,I,-100.0,-0.15769623436104707
s23,I,-80.0,-0.20681681137708607
s23,I,-60.0,-0.09601797630944431
s23,I,-40.0,0.00440416384979108
s23,I,-20.0,0.0486286841196312
s23,I,0.0,0.1482269915771002
s24,G,-200.0,0.1688574526324335
s24,G,-180.0,0.22445402549358098
s24,G,-160.0,0.09373211457733432
s24,G,-140.0,0.07568522948194292
s24,G,-120.0,0.1776259230519583
s24,G,-100.0,0.034910004254720614
s24,G,-80.0,-0.13109064388954134
s24,G,-60.0,-0.25092881679814205
s24,G,-40.0,-0.24076277518506983
s24,G,-20.0,-0.0897592521180567
s24,G,0.0,-0.11389241299099745
s24,A,-200.0,-0.05874973060935677
s24,A,-180.0,-0.10983886418174374
s24,A,-160.0,0.020860527161707165
s24,A,-140.0,-0.025841803969836784
s24,A,-120.0,-0.12277904720889474
s24,A,-100.0,-0.013967862766055812
s24,A,-80.0,0.021053387305619797
s24,A,-60.0,0.12191715466972962
s24,A,-40.0,0.19938769680020035
s24,A,-20.0,0.008940456126256845
s24,A,0.0,-0.04397467869067079
s24,I,-200.0,-0.08096913089816361
s24,I,-180.0,-0.11070071919718596
s24,I,-160.0,-0.1523009784127857
s24,I,-140.0,-0.0015602900920370782
s24,I,-120.0,0.1282464237411208
s24,I,-100.0,0.03564640233819191
s24,I,-80.0,0.005026649951297181
s24,I,-60.0,-0.07214015830979126
s24,I,-40.0,-0.00890029555329562
s24,I,-20.0,0.12823468823962147
s24,I,0.0,0.2242988099391441
s25,G,-200.0,0.0018682191704436774
s25,G,-180.0,0.006055073491480947
s25,G,-160.0,0.01655803088969402
s25,G,-140.0,-0.06575158117913407
s25,G,-120.0,-0.10906182436553906
s25,G,-100.0,-0.05903974531905797
s25,G,-80.0,0.042183570553070975
s25,G,-60.0,0.10578319567152332
s25,G,-40.0,0.024443536222990808
s25,G,-20.0,0.02980709198132013
s25,G,0.0,1.8807227698498102e-05
s25,A,-200.0,0.08438656046940092
s25,A,-180.0,0.12101252267560805
s25,A,-160.0,-0.008703701832698862
s25,A,-140.0,-0.05157732555494407
s25,A,-120.0,0.057400046316060174
s25,A,-100.0,0.10534206757720771
s25,A,-80.0,0.08355659910077634
s25,A,-60.0,-0.07677801238116841
s25,A,-40.0,-0.16846699979829027
s25,A,-20.0,-0.1139492099934255
s25,A,0.0,-0.08896020172910157
s25,I,-200.0,-0.016193553615296924
s25,I,-180.0,-0.08502128548244653
s25,I,-160.0,0.05943629224843011
s25,I,-140.0,0.05521339041359666
s25,I,-120.0,-0.01968165933877554
s25,I,-100.0,-0.06919321475193765
s25,I,-80.0,-0.17593569408498322
s25,I,-60.0,-0.03851498469461333
s25,I,-40.0,0.2786401648445867
s25,I,-20.0,0.05944625998382853
s25,I,0.0,-0.015098556463440702
s26,G,-200.0,0.07751211152950566
s26,G,-180.0,0.2201496054373998
s26,G,-160.0,0.2268389875935871
s26,G,-140.0,0.2951168178877493
s26,G,-120.0,0.2128156698569255
s26,G,-100.0,-0.0713490714193621
s26,G,-80.0,-0.11123074612103576
s26,G,-60.0,0.0024617984056994127
s26,G,-40.0,-0.2646336841098842
s26,G,-20.0,-0.4409621713891117
s26,G,0.0,-0.23442696918208372
s26,A,-200.0,-0.027569764585323626
s26,A,-180.0,0.03688171459703302
s26,A,-160.0,0.07131881453033236
s26,A,-140.0,-0.07108641021917873
s26,A,-120.0,-0.04317988773514114
s26,A,-100.0,-0.030317409530304908
s26,A,-80.0,-0.0586198465933119
s26,A,-60.0,0.012560010653588985
s26,A,-40.0,0.06346219631937484
s26,A,-20.0,0.11866609608384149
s26,A,0.0,-0.27003247632684535
s26,I,-200.0,-0.015292843802632464
s26,I,-180.0,-0.11232445890529624
s26,I,-160.0,-0.2637890305916212
s26,I,-140.0,-0.11943277988155704
s26,I,-120.0,-0.09967337946418649
s26,I,-100.0,0.08875579280900966
s26,I,-80.0,0.0007669211274331199
s26,I,-60.0,-0.18486551161390227
s26,I,-40.0,0.015826340421343607
s26,I,-20.0,0.4106072313635515
s26,I,0.0,0.40589840832435925
s27,G,-200.0,0.025374428631713946
s27,G,-180.0,-0.0332304367093874
s27,G,-160.0,-0.06428072389752412
s27,G,-140.0,0.019275823069711574
s27,G,-120.0,-0.003540232155633076
s27,G,-100.0,-0.028564523508584048
s27,G,-80.0,0.10129259910929476
s27,G,-60.0,0.054083930076878076
s27,G,-40.0,-0.05720931507405176
s27,G,-20.0,-0.05458464681773886
s27,G,0.0,0.11583608508047682
s27,A,-200.0,-0.08400386236712568
s27,A,-180.0,-0.14645261907500337
s27,A,-160.0,-0.018098045636564856
s27,A,-140.0,0.05357760068911923
s27,A,-120.0,0.09466732481269513
s27,A,-100.0,0.0018164566191768775
s27,A,-80.0,-0.01300811700311168
s27,A,-60.0,0.04690527723909228
s27,A,-40.0,0.03871631715882163
s27,A,-20.0,0.03275312061292041
s27,A,0.0,0.02751653898581146
s27,I,-200.0,0.046671913378229526
s27,I,-180.0,0.11987237682403029
s27,I,-160.0,0.04977473727330539
s27,I,-140.0,-0.05595299663952529
s27,I,-120.0,-0.1182757892766639
s27,I,-100.0,0.033040920816796396
s27,I,-80.0,-0.001410284983429936
s27,I,-60.0,-0.11366638669574365
s27,I,-40.0,0.001402362566732894
s27,I,-20.0,0.06148867805124852
s27,I,0.0,-0.1942696441291285
s28,G,-200.0,-0.05102828012671943
s28,G,-180.0,-0.10548013439974553
s28,G,-160.0,-0.03391742294483451
s28,G,-140.0,-0.0029260126589129736
s28,G,-120.0,-0.023590471275302116
s28,G,-100.0,-8.419365948151777e-05
s28,G,-80.0,0.07753197831870991
s28,G,-60.0,0.06504049690872495
s28,G,-40.0,0.039292489386690874
s28,G,-20.0,-0.0026145185026221346
s28,G,0.0,0.09034015179091642
s28,A,-200.0,-0.007827170976981282
s28,A,-180.0,-0.09207692583539613
s28,A,-160.0,-0.04790748176851599
s28,A,-140.0,-0.08349403662116511
s28,A,-120.0,-0.08778704773351644
s28,A,-100.0,-0.014216820639998129
s28,A,-80.0,0.03366235001514668
s28,A,-60.0,0.07171136891882789
s28,A,-40.0,0.07361369240338264
s28,A,-20.0,0.1035342584453422
s28,A,0.0,0.043155967922337446
s28,I,-200.0,0.058918209033529526
s28,I,-180.0,0.34187307735696604
s28,I,-160.0,0.19587648172708277
s28,I,-140.0,-0.041221274111876094
s28,I,-120.0,-0.043970247127428
s28,I,-100.0,-0.029580464161797687
s28,I,-80.0,-0.08229133528284009
s28,I,-60.0,-0.17324741772780436
s28,I,-40.0,-0.10769756591825959
s28,I,-20.0,-0.0823807282984631
s28,I,0.0,0.053430166750967165
s29,G,-200.0,0.019950714279380298
s29,G,-180.0,-0.04958678051584945
s29,G,-160.0,-0.23256658549714837
s29,G,-140.0,-0.36455615804502234
s29,G,-120.0,-0.16518782107437657
s29,G,-100.0,0.14401312456303372
s29,G,-80.0,0.09443489129792838
s29,G,-60.0,0.07897413028430789
s29,G,-40.0,0.12027903562602713
s29,G,-20.0,0.20834868224520972
s29,G,0.0,0.296121423373922
s29,A,-200.0,-0.06699508296630127
s29,A,-180.0,-0.1265523380781327
s29,A,-160.0,-0.02248493427577697
s29,A,-140.0,0.00234711921447508
s29,A,-120.0,0.09499581335092974
s29,A,-100.0,-0.10257210856465085
s29,A,-80.0,0.014099771635499189
s29,A,-60.0,0.09876005760806227
s29,A,-40.0,-0.022814640409985164
s29,A,-20.0,0.10585374744229487
s29,A,0.0,-0.08583507593417664
s29,I,-200.0,-0.12977077692804728
s29,I,-180.0,0.008117587698204483
s29,I,-160.0,-0.031632646886809904
s29,I,-140.0,0.17211837011256464
s29,I,-120.0,-0.24865347574002217
s29,I,-100.0,-0.2834082223782776
s29,I,-80.0,-0.14137025781842785
s29,I,-60.0,0.09676548376625235
s29,I,-40.0,0.5443509186707952
s29,I,-20.0,0.06622910914204727
s29,I,0.0,0.0896467348291315
s30,G,-200.0,-0.15997185564127323
s30,G,-180.0,-0.20550439589557734
s30,G,-160.0,0.02910134217143536
s30,G,-140.0,-0.09507639995588187
s30,G,-120.0,-0.07636814886943423
s30,G,-100.0,0.1026184285300621
s30,G,-80.0,0.13376635781740742
s30,G,-60.0,0.14612554937248104
s30,G,-40.0,0.05803797925911685
s30,G,-20.0,0.03855829077916641
s30,G,0.0,0.12414658258271226
s30,A,-200.0,0.0036512838130832144
s30,A,-180.0,0.11539300017365334
s30,A,-160.0,0.1488008113792404
s30,A,-140.0,0.1551954891603992
s30,A,-120.0,-0.14375124658630822
s30,A,-100.0,0.010236880480850495
s30,A,-80.0,0.1339390936196268
s30,A,-60.0,-0.004715338411050041
s30,A,-40.0,-0.16091995912288282
s30,A,-20.0,-0.199038433017124
s30,A,0.0,-0.09254791209988822
s30,I,-200.0,0.10455051491305231
s30,I,-180.0,0.07177407477875082
s30,I,-160.0,-0.11174461299604156
s30,I,-140.0,-0.10587180520885262
s30,I,-120.0,0.4940367896155136
s30,I,-100.0,0.38319041207744203
s30,I,-80.0,-0.22414242662131006
s30,I,-60.0,-0.41932267727454153
s30,I,-40.0,-0.2028128205023992
s30,I,-20.0,0.017962338512351114
s30,I,0.0,-0.1569953128225925
