identity,picture_filename,cond_id,fslim,eye,mouth,skin,g_total,g_eye,g_mouth,g_contour,eye_ratio_change,mouth_ratio_change,face_ratio_change,a_deltaE,a_luminance,a_contrast,a_texture,a_edge,a_one_minus_ssim,identity_cosine,identity_distance,G_raw,A_raw,I_raw,G,A,I
F_1,F_1_ (10).jpg,10,0,1,0,0,0.010576244911344027,0.007272727272727273,0.026967994498529685,0.0029216631018533514,0.06713900134952766,0.04482581967213095,0.002564102564102555,0.3213405099807832,0.3212183513110176,0.008011188428518778,0.0009547715695791126,0.00046469710197988984,0.0011737722506307557,0.8795256429397715,0.12047435706022847,0.7934251490402103,0.1074880503299369,0.12047435706022847,-0.318703660026538,-1.3165763309684246,0.539492453728172
F_1,F_1_ (11).jpg,11,0,1,0,1,0.011959877807931372,0.008907235428302466,0.02886274157525008,0.0037711676551952077,0.06713900134952766,0.09929435483870952,0.00512820512820511,15.347843603351107,14.760145050231415,1.8877429159009154,0.0024222174484066833,0.0017496331414380874,0.007520759449622716,0.8375006167754078,0.16249938322459223,1.0521235473981225,0.9435296624873802,0.16249938322459223,0.6971245888476627,0.3749842904072128,1.6003806040236062
F_1,F_1_ (12).jpg,12,1,1,0,0,0.018198533870197115,0.0051425947722658,0.04032922365967061,0.018415081620549577,0.03400546821599448,0.03204449152542388,0.011538461538461497,3.2196471430419185,3.218930967579496,1.8208425190717321,0.0017321011446798835,0.003332395325760157,0.025499823685982026,0.836150544711872,0.163849455288128,1.1250570717454116,0.8477363649617589,0.163849455288128,0.9835118830566861,0.1811659833639672,1.634462092721513
F_1,F_1_ (13).jpg,13,1,1,0,1,0.01938906069914217,0.0051425947722658,0.04287209499109671,0.018632462124115273,0.03400546821599448,0.08854166666666652,0.011142683174345414,12.474946925275699,11.752875104278388,3.806433494716977,0.003036083760881444,0.004871290668573475,0.02982774408450284,0.815950384762743,0.18404961523725705,1.2923990424244802,1.4989882927597218,0.18404961523725705,1.6406118191872998,1.4988421607676161,2.144398963201695
F_1,F_1_ (14).jpg,14,0,1,1,0,0.007451817740734108,0.006298366572977735,0.015427784316797399,0.002938525300895496,0.02101845522898138,0.09375,0.0,0.048047930491967206,0.042178248456480105,0.029896738383904164,0.0008872486618983126,0.001364218106127732,0.0008946643898416484,0.9277932579950987,0.07220674200490129,0.6316634726164291,0.15855742388071814,0.07220674200490129,-0.953891514066451,-1.2132478123867974,-0.6789848567901982
F_1,F_1_ (15).jpg,15,0,1,1,1,0.009118363861735243,0.006298366572977735,0.0205703790890632,0.002331982512172762,0.07995951417004044,0.125,0.00470194766869958,15.620436987054996,15.046329748799252,1.9588987119925676,0.0023138085284735628,0.0031028180388489833,0.007863725504001717,0.9035198555858311,0.09648014441416886,0.9930381740884199,1.0526930865212552,0.09648014441416886,0.46511468200535405,0.5958543364731246,-0.0662222404713259
F_1,F_1_ (16).jpg,16,1,1,1,0,0.011483161759257772,0.007272727272727273,0.01090909090909091,0.01812991499679621,0.09278002699055321,0.015625,0.013781205601786084,2.851818490017253,2.851503084016997,1.8325223647302522,0.0018392176382603506,0.004236780645547635,0.023792093034291084,0.8969591208846304,0.10304087911536963,1.0796276945816854,0.8891808118819652,0.10304087911536963,0.8051248310122947,0.2650204152073806,0.0993982560993116
F_1,F_1_ (17).jpg,17,1,1,1,1,0.010843788891119963,0.006298366572977735,0.01360602686099615,0.017172395557528235,0.07995951417004044,0.054315476190476275,0.008906882591093068,12.820988214903107,12.116035395055462,3.6822566293260337,0.0030513034080426544,0.00529132163462976,0.02759640367357641,0.8743985604744671,0.12560143952553293,1.0304905643892075,1.5070631471903537,0.12560143952553293,0.6121785845918951,1.51517999082245,0.6689215470440347
F_1,F_1_ (2).jpg,2,0,0,0,0,0.010262049612208333,0.0051425947722658,0.026967994498529685,0.0037950144057720416,0.03491228070175456,0.04482581967213095,0.002985960055368775,0.12267131899784739,0.12182349142165094,0.026728852325533126,0.00101803835270083,2.8079633841576745e-05,0.0011793473486312323,0.8740937286950461,0.1259062713049539,0.6784389309658619,0.07483248937108218,0.1259062713049539,-0.7702188193493628,-1.3826482347871638,0.6766167813398176
F_1,F_1_ (3).jpg,3,0,0,0,1,0.010168947136764622,0.0051425947722658,0.026967994498529685,0.004928835639899369,0.059979494190020244,0.04482581967213095,0.005556654142772399,15.527957251410829,14.93890103689074,1.8323521238600335,0.0021555317854334705,0.001453057769626863,0.007979631955320698,0.8731869772382422,0.12681302276175777,0.8025467461953829,0.9144480198439652,0.12681302276175777,-0.2828859815102015,0.3161434853741072,0.6995069961376386
F_1,F_1_ (4).jpg,4,1,0,0,0,0.017852210601949515,0.0051425947722658,0.04146092454905956,0.018506956513494967,0.059979494190020244,0.12679303278688536,0.011142683174345414,2.930845565955048,2.9298347476552067,1.6080686190091669,0.0018002121008294405,0.0025160041685276177,0.02464848600175895,0.8754854273669647,0.12451457263303534,1.430891382485266,0.7584189247472558,0.12451457263303534,2.1844282176630254,0.00045026004124622157,0.6414844622296325
F_1,F_1_ (5).jpg,5,1,0,0,1,0.018545985758449155,0.006298366572977735,0.040492831729672885,0.017771830872729304,0.013157894736842035,0.07187499999999991,0.006275303643724639,12.762644760000498,12.054764773251236,3.475949205375329,0.0033166558033547603,0.00520577692502194,0.027802370512257535,0.8686138954328178,0.13138610456718225,1.0970879682076993,1.499853710151088,0.13138610456718225,0.8736859017222851,1.5005931573197029,0.8149507861957747
F_1,F_1_ (6).jpg,6,0,0,1,0,0.008259964842358166,0.0051425947722658,0.018895099718933207,0.0038595701059678544,0.03400546821599448,0.109375,0.00470194766869958,0.24788667336714237,0.24558059414889044,0.012149455751647054,0.0009030501679615678,0.0008895289732294143,0.0008253853584077042,0.9062264007213248,0.09377359927867523,0.8073303543182442,0.12943554008894395,0.09377359927867523,-0.2641022383807847,-1.2721700372211824,-0.13454680620163265
F_1,F_1_ (7).jpg,7,0,0,1,1,0.009369245124106019,0.006298366572977735,0.02088931871468374,0.003990928635784869,0.0749122807017546,0.16542658730158744,0.007259492425732872,15.801719232904826,15.230123930238136,1.9365057379983384,0.0023265440361756365,0.002044355464068691,0.008341733766336068,0.9023326458969101,0.09766735410308991,1.1545167958547313,0.9865521079893963,0.09766735410308991,1.099191068332833,0.4620314823031884,-0.03625208207175069
F_1,F_1_ (8).jpg,8,1,0,1,0,0.01080450976396691,0.006298366572977735,0.01149919149152138,0.020277886219102717,0.013157894736842035,0.03125,0.005865638319464184,2.3686694788662868,2.368224467972965,1.3983454582595343,0.0018252452881478737,0.0019127370212509605,0.020759812192299276,0.9080181272484211,0.09198187275157887,0.7632546054823991,0.6406213945201978,0.09198187275157887,-0.43717401246958715,-0.2378891485836353,-0.17977750834878256
F_1,F_1_ (9).jpg,9,1,0,1,1,0.010511221067550282,0.0051425947722658,0.01360602686099615,0.018153667864673373,0.03491228070175456,0.054315476190476275,0.004058146577831545,13.054941181344626,12.367727771679455,3.496635581519314,0.0032347396550923687,0.0045094490758596124,0.02634355251724474,0.8977572523855628,0.10224274761443719,0.8049484574271101,1.4404163212951255,0.10224274761443719,-0.2734552075652793,1.3803336571176923,0.07925006515220537
F_2,F_2_ (10).jpg,10,0,1,0,0,0.010378163708191002,0.003484320557491289,0.025840412847023216,0.0036531139621060207,0.011627906976744207,0.04352741661955939,0.0025839793281653423,0.13386745629395427,0.13087047769946025,0.05867537169268644,0.0016827793203223137,0.00020848100738022832,0.0007459451384898008,0.9495913659381459,0.05040863406185414,0.5653206181414617,0.12107959149117563,0.05040863406185414,-1.2143992949974451,-1.2890766043066997,-1.229260645440373
F_2,F_2_ (11).jpg,11,0,1,0,1,0.010874542662642254,0.003484320557491289,0.025604422398430433,0.005874620228503816,0.038358727612938015,0.06176814988290369,0.007418950957670645,15.712009456041335,14.256408102697634,2.0101440379450963,0.005811986982913657,6.999566026906316e-05,0.007274782280972003,0.9391349736177266,0.060865026382273424,0.8002217193584672,1.0070084309901302,0.060865026382273424,-0.2920156396577637,0.5034207025800204,-0.965297390207955
F_2,F_2_ (12).jpg,12,1,1,0,0,0.018796776689817035,0.0077911776219504875,0.03832752613240418,0.018615441332439607,0.08720930232558155,0.035469448584202645,0.005044912021656245,1.868860629537805,1.8668109883547288,0.8394883561770357,0.001942915372826064,0.0005524037025977889,0.008105735796282043,0.945308015176916,0.05469198482308402,1.202634152935332,0.3528021500138472,0.05469198482308402,1.2881329825228718,-0.8202330092255179,-1.1211308837032812
F_2,F_2_ (13).jpg,13,1,1,0,1,0.017590153655605175,0.004927573388059565,0.040333926490558274,0.016564307277659375,0.049852980486500886,0.01728763040238457,0.003025975792193658,13.79891879241509,12.226767281480278,3.036532539146144,0.00517225254097477,0.0012552239467194352,0.012516784245118373,0.9132034790102412,0.08679652098975876,0.9357599525435653,1.1322178440944366,0.08679652098975876,0.2402008987741227,0.7567565527971426,-0.310677563418666
F_2,F_2_ (14).jpg,14,0,1,1,0,0.006541177259199571,0.004927573388059565,0.012562896430188115,0.003746665830491039,0.027496580027359663,0.08196721311475397,0.0051679586563306845,0.07500661824992154,0.048494702023873515,0.08255974682673184,0.001424450739484905,0.00018220552783539817,0.0007087717247156178,0.963251239072042,0.03674876092795798,0.6685999785945466,0.10467157432635726,0.03674876092795798,-0.8088533289619124,-1.322274898873927,-1.574093209865471
F_2,F_2_ (15).jpg,15,0,1,1,1,0.009271696558956863,0.003484320557491289,0.015967162700194566,0.006079119039621042,0.038358727612938015,0.05658381808566881,0.007418950957670645,15.657066274866482,14.245549390820656,2.0412768826291767,0.005813779574575949,0.0010588285121341749,0.007286932782667566,0.9532978022605711,0.04670219773942885,0.7172660434797088,1.0795962068516485,0.04670219773942885,-0.6177568096726944,0.6502873434924613,-1.322826663910099
F_2,F_2_ (16).jpg,16,1,1,1,0,0.014016055930201238,0.0077911776219504875,0.018105060706294886,0.01760508896237146,0.08720930232558155,0.04153005464480852,0.00039439684482522885,1.8077386049743884,1.8062111801242224,0.879759698638054,0.0019274455360060215,5.986679637805768e-05,0.007646914179031072,0.9601178413838058,0.03988215861619415,0.9528841598848404,0.31274687473045154,0.03988215861619415,0.30744234157880435,-0.9012767340383364,-1.4949930930776392
F_2,F_2_ (17).jpg,17,1,1,1,1,0.012424006141551583,0.004927573388059565,0.016342912055133902,0.018570392346893737,0.049852980486500886,0.08446790775215307,0.005044912021656245,13.928185029030258,12.350115749383917,3.0305446522129316,0.005686095299283983,0.0006571577925472329,0.012339537431102277,0.9341425554742616,0.06585744452573838,0.9758417497330661,1.1180771278724562,0.06585744452573838,0.3975896654197136,0.7281456817934572,-0.8392677899167569
F_2,F_2_ (2).jpg,2,0,0,0,0,0.00961401394051072,0.004927573388059565,0.025840412847023216,0.002760496138900533,0.05102599179206546,0.04352741661955939,0.004841631370041788,0.08369800983278883,0.06882742565750277,0.014213427855565897,0.0018025037563212185,8.31416456503059e-05,0.000742694800418553,0.9558436366112515,0.04415636338874851,0.7223009564543453,0.11331153250857084,0.04415636338874851,-0.597986270455119,-1.3047936960021582,-1.387094214504561
F_2,F_2_ (3).jpg,3,0,0,0,1,0.011421659503012549,0.006968641114982578,0.024390243902439025,0.003309363934808451,0.07945736434108497,0.016968651136036517,0.0025839793281653423,15.662497367414991,14.255133106276503,2.0466864284232287,0.007954167528285807,0.00018071870438590362,0.007373018510173135,0.928279277578735,0.07172072242126504,0.7465504861672968,1.131864453109883,0.07172072242126504,-0.5027659000906691,0.7560415378209412,-0.6912540321876057
F_2,F_2_ (4).jpg,4,1,0,0,0,0.020121450354444542,0.011018389059820138,0.040931498691535645,0.020001106200278895,0.08447744466237017,0.04537470725995307,0.002083633198308399,1.7360813787827363,1.7356031128404652,0.839340358629542,0.0021993695772741725,0.002110146662675845,0.008382895180377048,0.9464308481366277,0.0535691518633723,1.2789994977075525,0.47723667922280183,0.0535691518633723,1.587995969487773,-0.5684649793949106,-1.149475903098639
F_2,F_2_ (5).jpg,5,1,0,0,1,0.01946975696495541,0.008534807466143476,0.040333926490558274,0.017991904843299742,0.05564784053156124,0.01728763040238457,0.005044912021656245,13.97601207074979,12.3977003669942,2.9224398179457367,0.006904654819886043,0.0020865395998579377,0.013447584852221084,0.9158656914122937,0.08413430858770632,1.1030175223324687,1.290920065149252,0.08413430858770632,0.8969694188271569,1.077858306295295,-0.37788298477547483
F_2,F_2_ (6).jpg,6,0,0,1,0,0.0062645523807855,0.004927573388059565,0.01303713375182558,0.002165928995197288,0.05102599179206546,0.04045478582760431,0.007418950957670645,0.058189285296034024,0.04496392819191897,0.031167503707266064,0.001495846706501073,4.194396286561104e-05,0.0006800848608384813,0.9642259500588908,0.03577404994110922,0.6476992974350325,0.09389150134566138,0.03577404994110922,-0.8909238113356499,-1.3440861899442889,-1.5986990086070663
F_2,F_2_ (7).jpg,7,0,0,1,1,0.00918999648240393,0.006968641114982578,0.015967162700194566,0.003371220441964717,0.07945736434108497,0.05658381808566881,0.0025839793281653423,15.745852935473534,14.332889946793614,2.0575895612917776,0.00760702928407145,0.0001260151218146193,0.007346493771030138,0.9435762790553337,0.0564237209446663,0.7768053000671397,1.112505880562294,0.0564237209446663,-0.38396464419200765,0.7168733929207828,-1.0774145913293076
F_2,F_2_ (8).jpg,8,1,0,1,0,0.014766493406660414,0.012562896430188115,0.016342912055133902,0.019707203468845767,0.07242925189128613,0.032786885245901676,0.004736153092207651,1.68090147908323,1.6795670068898971,0.8304786544345291,0.0018811854609082047,0.001130727132928281,0.007996452030308632,0.9576188003646819,0.042381199635318056,1.0986776878369142,0.38338114871510687,0.042381199635318056,0.8799282368793515,-0.758362607929743,-1.4319068026867259
F_2,F_2_ (9).jpg,9,1,0,1,1,0.015246482046232137,0.012070040470863255,0.017766618514260573,0.019079228728941463,0.03183831672203752,0.05819672131147513,0.007388672986106903,13.977566528950174,12.373969137742648,3.066755647297711,0.006879671902997318,0.0013021417987517398,0.013601092783145918,0.9313027439423038,0.06869725605769617,1.105677645901742,1.2454961308088386,0.06869725605769617,0.9074148977490061,0.985952188847488,-0.7675790206690402
M_1,M_1_ (10).jpg,10,0,1,0,0,0.007581024939053585,0.005481173441673662,0.018721771465505115,0.001645795474437161,0.02499999999999991,0.03308823529411775,0.0003330814508430979,0.15401226363692927,0.15277239240015206,0.024220588980053748,0.0009982355307088838,0.00015509887553315227,0.0013914194591235773,0.9264688273163174,0.07353117268368259,0.48090128551198347,0.08599729923608297,0.07353117268368259,-1.5458877904054753,-1.3600585066705866,-0.6455506643280341
M_1,M_1_ (11).jpg,11,0,1,0,1,0.009689879344082997,0.008950718749196805,0.019762651893665818,0.0022945969145352543,0.07407407407407396,0.01787330316742075,0.00222717149220486,18.145273755512996,17.14215543235096,0.2505317984146025,0.002063909057061824,0.00039879389164478203,0.007857799219292305,0.919855074967132,0.08014492503286796,0.7150101841842733,0.7872582488813729,0.08014492503286796,-0.6266148683709102,0.05880078272213588,-0.4785917796673235
M_1,M_1_ (12).jpg,12,1,1,0,0,0.016751553372652325,0.006329113924050633,0.03552206379848678,0.016782405036854818,0.09876543209876543,0.025443510737628294,0.014517293630696315,2.417643333187836,2.416109167536149,1.8512963242083522,0.0012113961910781715,0.001350273123427238,0.026448016822732345,0.9037295190262873,0.09627048097371271,1.2958730197532795,0.66568295211094,0.09627048097371271,1.6542530490091423,-0.1871821702294842,-0.07151502621904088
M_1,M_1_ (13).jpg,13,1,1,0,1,0.01701481366620269,0.006329113924050633,0.03334067643307829,0.01789381623693691,0.09876543209876543,0.009570494864612478,0.012234188607865293,16.012912710568145,14.903225806451587,1.4966127313409388,0.002024316681754255,0.0008421398568362257,0.025274894850954133,0.8974976411835638,0.10250235881643621,1.2146260928781945,1.0345670663088244,0.10250235881643621,1.3352216055297643,0.5591800112149787,0.08580374216379197
M_1,M_1_ (14).jpg,14,0,1,1,0,0.008693526171692091,0.007076164485758828,0.018721771465505115,0.003494995293830766,0.02499999999999991,0.08290707587382773,0.0038066197316433126,0.3174193131702617,0.3167567249512331,0.11111624714676083,0.000999681640131268,0.00014710064626217295,0.0012532292704308112,0.9342992373102101,0.06570076268978986,0.7410873742959151,0.09559720301437075,0.06570076268978986,-0.5242178433610393,-1.340635048598396,-0.8432230974631273
M_1,M_1_ (15).jpg,15,0,1,1,1,0.00841248628664237,0.007076164485758828,0.01733299232611285,0.0037596148930241304,0.02499999999999991,0.002278376139188243,0.001890621133382786,18.588458392526146,17.59687641022623,0.3400458760817351,0.002095954752298978,0.00020601565718994692,0.008925315242155452,0.9250287577741975,0.07497124222580254,0.48990368863416267,0.8074409518074998,0.07497124222580254,-1.5105381498305428,0.09963638827848924,-0.6091972613138101
M_1,M_1_ (16).jpg,16,1,1,1,0,0.01188251506393401,0.005481173441673662,0.01790143749839361,0.016395899496734662,0.08641975308641969,0.0,0.01058412634136463,1.996897315057646,1.9963101148078692,1.826448335786278,0.001235383472776041,0.0002775122567913405,0.023971802378932483,0.924533485942683,0.07546651405731697,0.9490759190252497,0.5479357983825127,0.07546651405731697,0.2924885627064005,-0.42541965222764366,-0.5966945203238633
M_1,M_1_ (17).jpg,17,1,1,1,1,0.012374241756679016,0.006329113924050633,0.020751387735132912,0.017941105992934123,0.0,0.004049445865302648,0.012234188607865293,16.397256014205908,15.301629816542203,1.4529244921276714,0.001984917016225481,0.000920391321433742,0.02473826664111145,0.9083713663225478,0.09162863367745222,0.8249595527763053,1.04099162846782,0.09162863367745222,-0.19487785232976743,0.5721788095997777,-0.18869474605606268
M_1,M_1_ (2).jpg,2,0,0,0,0,0.007118078000295824,0.004475359374598403,0.02099129614148987,0.0030056564850950186,0.025316455696202667,0.01746323529411775,0.0025652243079860026,0.004067040568683898,0.0027272199764070137,0.00627257040433804,0.0010827616036335524,0.00013539389953772657,0.0014833238904334856,0.9157314652929625,0.08426853470703755,0.4842023134784937,0.0840983049572745,0.08426853470703755,-1.5329256790047487,-1.3639007364059712,-0.37449455382241115
M_1,M_1_ (3).jpg,3,0,0,0,1,0.007282596747222493,0.004475359374598403,0.018721771465505115,0.00276869918676114,0.025316455696202667,0.03308823529411775,0.0003330814508430979,19.75113849219851,18.18270874996378,0.10527964294955083,0.0031179283334382985,0.0005603377484083502,0.009172559502721667,0.9146455480289304,0.08535445197106961,0.46869233282689743,0.8988575197794783,0.08535445197106961,-1.593828555038739,0.28459927083604664,-0.34708144161857496
M_1,M_1_ (4).jpg,4,1,0,0,0,0.0181784898960063,0.007751549818934107,0.03552206379848678,0.01847799908325699,0.012820512820512775,0.025443510737628294,0.014209048330131036,2.2387371850908493,2.237683983794028,1.8357806698695711,0.0012573623976177188,0.0004923329401507765,0.02633701786616094,0.8926170351083821,0.10738296489161792,1.1340700467393054,0.5986214338599761,0.10738296489161792,1.0189030360878202,-0.32286754980079585,0.20901073628128308
M_1,M_1_ (5).jpg,5,1,0,0,1,0.017557673406405655,0.007751549818934107,0.03334067643307829,0.018642819302865297,0.012820512820512775,0.009570494864612478,0.014209048330131036,16.146135430208755,15.032033840878057,1.4891999602147514,0.0025465238489711826,0.0007187079684179178,0.02738210869325286,0.8891652204386663,0.1108347795613337,1.0759663422870531,1.0800380518434178,0.1108347795613337,0.7907478379053559,0.6511813272104491,0.2961490349177917
M_1,M_1_ (6).jpg,6,0,0,1,0,0.008371528202800044,0.005481173441673662,0.01950763924990182,0.003016126677951028,0.0512820512820511,0.04915966386554649,0.0003330814508430979,0.4744388996319301,0.47269412122221866,0.09869547439840787,0.0010455508202411566,0.00015684583035162868,0.0012425338935536656,0.8980451014085418,0.10195489859145823,0.6175732474380046,0.10250651869178379,0.10195489859145823,-1.0092194513868809,-1.3266554497954068,0.07198354695045237
M_1,M_1_ (7).jpg,7,0,0,1,1,0.007670385754653182,0.005481173441673662,0.01733299232611285,0.002386203809152555,0.02564102564102555,0.002278376139188243,0.00222717149220486,18.718310124687118,17.72729047498194,0.3188332576731163,0.001880418884002051,0.0002342697616305161,0.009352916341871187,0.922546418930321,0.07745358106967903,0.44044884246998667,0.8051188961114785,0.07745358106967903,-1.70473196817724,0.09493817957821356,-0.5465326039692354
M_1,M_1_ (8).jpg,8,1,0,1,0,0.012089756193259882,0.006329113924050633,0.018178995716892497,0.018369741690422745,0.025316455696202667,0.014705882352941124,0.012234188607865293,1.7512570826643195,1.7507691354710744,1.7396325661631415,0.001207861788710844,0.00035101484586318697,0.023748982459902312,0.8883534063115045,0.1116465936884955,0.9043632855264033,0.535174982904273,0.1116465936884955,0.11691594038638353,-0.4512385739723737,0.31664263281300736
M_1,M_1_ (9).jpg,9,1,0,1,1,0.013128501115406768,0.007751549818934107,0.021228493457276485,0.018052787743742818,0.012820512820512775,0.004049445865302648,0.007990421640598488,16.543018329409566,15.449649989705563,1.4615427488376191,0.0022054358869929803,0.00011323862466543037,0.02561724116266173,0.9146182959049087,0.08538170409509127,0.8206998239339944,1.009574738183219,0.08538170409509127,-0.2116044842611213,0.5086131046411806,-0.34639348355920613
M_2,M_2_ (10).jpg,10,0,1,0,0,0.009660268109494427,0.0051425947722658,0.01991718390927877,0.004674058328130682,0.03621621621621607,0.015873015873015817,0.0029577894817188755,0.15599125767786348,0.15596233897548473,0.0147193424411185,0.000947375343242216,0.0006828358698935041,0.00039399988854982304,0.8868467369356545,0.11315326306434548,0.5701928120408858,0.10961454051649398,0.11315326306434548,-1.1952677030415486,-1.3122738094084758,0.3546772953257858
M_2,M_2_ (11).jpg,11,0,1,0,1,0.009908420768787243,0.0051425947722658,0.022416050919887187,0.0039438811011785705,0.03621621621621607,0.04918032786885229,0.0004388977940614769,16.53020133762834,15.838502547402697,4.002367625571445,0.0027838609927618354,0.001877724670413361,0.010501976325796636,0.8218480119146048,0.17815198808539523,0.6169818764205471,1.199135246146514,0.17815198808539523,-1.011541581670299,0.8921503424722173,1.9955180859881938
M_2,M_2_ (12).jpg,12,1,1,0,0,0.013797372568255107,0.008907235428302466,0.029541957835039857,0.011597702237412301,0.12411095305832154,0.0793650793650793,0.017676767676767735,1.941687460912717,1.9303308396132195,1.6496314722426106,0.002028603535768167,0.005074059384274521,0.018720352980092003,0.8533302363535558,0.14666976364644424,1.4927471911865513,0.8616861971861974,0.14666976364644424,2.427316763686381,0.20939063931711302,1.2007745271954549
M_2,M_2_ (13).jpg,13,1,1,0,1,0.012998833776236373,0.006298366572977735,0.02439346884545225,0.013172343404698096,0.0762162162162161,0.078125,0.019712235707197934,14.887343068337358,14.061306656112237,5.645387683029213,0.005036573806611476,0.006032400267500106,0.027545663465776804,0.811600261929287,0.18839973807071297,1.3277676034399775,1.8752762494520867,0.18839973807071297,1.7794931714864568,2.260184515720682,2.2542143324603203
M_2,M_2_ (14).jpg,14,0,1,1,0,0.008967352374956739,0.006298366572977735,0.01991718390927877,0.003355492444592722,0.08463726884779499,0.01449275362318847,0.006662098370641134,0.008543371961763913,0.0005471481570396008,0.018030827360043133,0.000944216921571902,0.0004270424640350143,0.0003266252260671898,0.8969445794682775,0.10305542053172245,0.7641736665636424,0.08591497496285373,0.10305542053172245,-0.4335651450985718,-1.360225073138993,0.09976534251674496
M_2,M_2_ (15).jpg,15,0,1,1,1,0.008841812762482894,0.0036363636363636364,0.021203461435801093,0.0042290594047891174,0.04954954954954971,0.01449275362318847,0.00871496924128512,16.637012182555633,15.956758407349867,4.033485588768507,0.002834880428269972,0.0018587113819519135,0.010701176337588159,0.8106940545127916,0.18930594548720836,0.6704836967589128,1.2084927622084027,0.18930594548720836,-0.8014565528843376,0.9110833781656611,2.277090813395983
M_2,M_2_ (16).jpg,16,1,1,1,0,0.013045086863926705,0.0036363636363636364,0.01991718390927877,0.020495643628246997,0.04954954954954971,0.01492537313432818,0.004139331458919093,1.21712260142568,1.2140877728763542,0.24054630603096427,0.001955297280019318,0.0025732383214568458,0.007858381624919808,0.8311470857105974,0.16885291428940263,0.7991844642551936,0.43049924698485625,0.16885291428940263,-0.296088618237772,-0.6630286934113757,1.760770410631436
M_2,M_2_ (17).jpg,17,1,1,1,1,0.013777075125553932,0.0036363636363636364,0.022416050919887187,0.020924729664147493,0.04954954954954971,0.02941176470588225,0.004576614473786655,15.420896922656754,14.663859966376094,4.397198597883687,0.004657223697081547,0.004534987214444147,0.015421979649062001,0.8177708121472478,0.18222918785275222,0.8713803371375184,1.5379745024118803,0.18222918785275222,-0.012597852189303618,1.5777228481225258,2.098443730880337
M_2,M_2_ (2).jpg,2,0,0,0,0,0.007866471864097575,0.0036363636363636364,0.019582417480489105,0.001948739766559822,0.050907071455016606,0.046875,0.005050505050505083,0.06110355441209749,0.05994864539118794,0.012736709528340384,0.0009983709438725894,0.0006943352722318247,0.0003930080736943564,0.9144780075144252,0.0855219924855748,0.6433967339674096,0.11004381556163538,0.0855219924855748,-0.9078186415345545,-1.3114052584278297,-0.34285201542291277
M_2,M_2_ (3).jpg,3,0,0,0,1,0.009589546446037323,0.006298366572977735,0.021513017393089515,0.0032740745453547675,0.050907071455016606,0.016129032258064502,0.002525252525252597,16.61140616050173,15.923514347626252,3.992053682706029,0.003069563625067719,0.0020355899927769414,0.010612184362088217,0.8804528459610442,0.11954715403895577,0.6185263662423595,1.2286475311752876,0.11954715403895577,-1.0054768499168192,0.9518624650215505,0.5160859555539853
M_2,M_2_ (4).jpg,4,1,0,0,0,0.01954411757111438,0.006298366572977735,0.038483655433666775,0.021895256786291617,0.013513513513513598,0.06451612903225801,0.0036997885835095,1.2943288851970516,1.2909452652076254,0.21875178057565847,0.0016197102876734188,0.0024693448475355956,0.007859593069808879,0.9166598925549891,0.08334010744501086,1.0745281916238123,0.4059513993005266,0.08334010744501086,0.7851006669946338,-0.7126962839696784,-0.3979319569745969
M_2,M_2_ (5).jpg,5,1,0,0,1,0.0213350859939433,0.009620913858416694,0.038825739098295675,0.021465906702263435,0.023509811181043894,0.06451612903225801,0.004139331458919093,15.399788075700611,14.631679147099874,4.319026604550132,0.004226576159230404,0.004357574988365698,0.01552838416901936,0.8585411033648914,0.14145889663510858,1.1975954168116707,1.4967886266663708,0.14145889663510858,1.2683474309866907,1.4943915826031084,1.0692303600729813
M_2,M_2_ (6).jpg,6,0,0,1,0,0.008525027589714402,0.006298366572977735,0.01991718390927877,0.002741965104335299,0.04954954954954971,0.01449275362318847,0.00711777726891083,0.09769353737706858,0.09759383252861653,0.007282390666048855,0.0009072516924883472,0.00041347667191293097,0.0003153738949546181,0.9220365671520321,0.07796343284796792,0.6711290903459401,0.08491805703558473,0.07796343284796792,-0.7989222927516655,-1.3622421343522022,-0.5336618038921994
M_2,M_2_ (7).jpg,7,0,0,1,1,0.00873568659364593,0.0051425947722658,0.022119136473811706,0.0025384203562404117,0.03720844131803025,0.014285714285714235,0.009174661184711441,16.76535744263875,16.090857158040194,3.9398758125228497,0.002439983464953845,0.0012886597938144284,0.01083337294392328,0.8838239146370395,0.11617608536296054,0.6652964976444491,1.1450099372865583,0.11617608536296054,-0.821825072467197,0.7826387586516108,0.43098602490294613
M_2,M_2_ (8).jpg,8,1,0,1,0,0.013489175825035579,0.007272727272727273,0.019582417480489105,0.020803191973948195,0.027027027027027195,0.0,0.0015620118712901254,1.1013960824444382,1.0980914462218436,0.28931583604641986,0.001850839716790939,0.003145500658854869,0.00887097453720409,0.9284984393385036,0.07150156066149638,0.7392490483369217,0.4772496704744306,0.07150156066149638,-0.5314363783486452,-0.5684386942323564,-0.6967865954042737
M_2,M_2_ (9).jpg,9,1,0,1,1,0.014058068165326352,0.008907235428302466,0.019582417480489105,0.020469892479786568,0.027027027027027195,0.0,0.0005647737010204823,15.537449974976312,14.782500920705985,4.374498431774626,0.004191145223992838,0.00509929459758067,0.01593625468269977,0.8684998702215379,0.13150012977846215,0.758487338402734,1.5612818747353188,0.13150012977846215,-0.45589358939851693,1.6248805884033342,0.8178292613931168
