"picture_filename","stimtype_identity","cond_id","fslim_raw","eye_raw","mouth_raw","skin_raw","original_flag","attention_or_back_flag","n_trial_references","n_unique_mapping_tuples","mapping_consistent","physical_file_found","n_physical_matches","resolved_path","width_px","height_px","color_mode","file_sha256","duplicate_content_count","audit_status"
"F_1_ (1).jpg","F_1","1","0","0","0","0","1","0","180","1","True","True","1","F_1_ (1).jpg","768","1024","RGB","e42df1b2ba3514f4598a4c74b2656e565111ec5cf7b23732f4405394b4743634","1","found"
"F_1_ (10).jpg","F_1","10","0","2","1","0","0","0","180","1","True","True","1","F_1_ (10).jpg","768","1024","RGB","59842c8a12092e5f15696f689f848934bc6168078f759c7b8029142cce53a951","1","found"
"F_1_ (11).jpg","F_1","11","0","2","1","1","0","0","180","1","True","True","1","F_1_ (11).jpg","768","1024","RGB","63b33cc319f397753d06cec0d8203447d5fc62b531e64da278bd0a02710d8f67","1","found"
"F_1_ (12).jpg","F_1","12","1","2","1","0","0","0","180","1","True","True","1","F_1_ (12).jpg","768","1024","RGB","b5bc65a9758fbd269df21f71f02de275ff9ad1c1e2e6961d7041deb69437abed","1","found"
"F_1_ (13).jpg","F_1","13","1","2","1","1","0","0","180","1","True","True","1","F_1_ (13).jpg","768","1024","RGB","a29c4e2cf5a001d339de5bbce56ab813ab87716c5f332e5147c13a957ed6e19c","1","found"
"F_1_ (14).jpg","F_1","14","0","2","2","0","0","0","180","1","True","True","1","F_1_ (14).jpg","768","1024","RGB","b115b1eb73432b71829430e706e7245b91119068ecaf0ea61b4d62217e60b9f7","1","found"
"F_1_ (15).jpg","F_1","15","0","2","2","1","0","0","180","1","True","True","1","F_1_ (15).jpg","768","1024","RGB","2f8a408d3adb7cced03098f03dfdaf79ad2a72920f89655509e7f4446cc96a35","1","found"
"F_1_ (16).jpg","F_1","16","1","2","2","0","0","0","180","1","True","True","1","F_1_ (16).jpg","768","1024","RGB","20e36e666d00505636162fa7270ccfebb6bbc4a42949ad69b857182403049128","1","found"
"F_1_ (17).jpg","F_1","17","1","2","2","1","0","0","180","1","True","True","1","F_1_ (17).jpg","768","1024","RGB","37d6229a9303c914a2b2b76639ee06dc3d7b900ee397792e069762601c880ead","1","found"
"F_1_ (2).jpg","F_1","2","0","1","1","0","0","0","180","1","True","True","1","F_1_ (2).jpg","768","1024","RGB","c2bb1908013a98a675ff5dca3a6167d92e16232a69bd6ced275aceebe94c2473","1","found"
"F_1_ (3).jpg","F_1","3","0","1","1","1","0","0","180","1","True","True","1","F_1_ (3).jpg","768","1024","RGB","4c9fa59e3a54552df464dfffc6997164f8ccf3ef21209f565afe48f64056746f","1","found"
"F_1_ (4).jpg","F_1","4","1","1","1","0","0","0","180","1","True","True","1","F_1_ (4).jpg","768","1024","RGB","f1b25591551caab6fa165b199d8ae36bc1b6363d566c1af6c131a07371cbc07e","1","found"
"F_1_ (5).jpg","F_1","5","1","1","1","1","0","0","180","1","True","True","1","F_1_ (5).jpg","768","1024","RGB","2e6a62c8ec6a4f3e7c36fd72b73f2b307f1ed1c5c2ee4ae90e0eb9944404acb3","1","found"
"F_1_ (6).jpg","F_1","6","0","1","2","0","0","0","180","1","True","True","1","F_1_ (6).jpg","768","1024","RGB","728360c47cdaacba8aa56e5357cc71bd1312ea8d5f9ac5bdb861f70ef0a4cc08","1","found"
"F_1_ (7).jpg","F_1","7","0","1","2","1","0","0","180","1","True","True","1","F_1_ (7).jpg","768","1024","RGB","71841d23b695de5bf9f0089108eb046cdc148a01f21d387abd422598130564a6","1","found"
"F_1_ (8).jpg","F_1","8","1","1","2","0","0","0","180","1","True","True","1","F_1_ (8).jpg","768","1024","RGB","9805de74fce949a4125cdd1e936c72c4f9f639d835c506fc942f6de111a06588","1","found"
"F_1_ (9).jpg","F_1","9","1","1","2","1","0","0","180","1","True","True","1","F_1_ (9).jpg","768","1024","RGB","a34de8d7ca7ff67bd3ec7345a77283f52091103060e5fb3cf95aa254461241df","1","found"
"F_2_ (1).jpg","F_2","1","0","0","0","0","1","0","180","1","True","True","1","F_2_ (1).jpg","768","1024","RGB","93f9683cf25e624b3b84debf9ca37c19362ef8d13b9d2d7877b76b9a531760c6","1","found"
"F_2_ (10).jpg","F_2","10","0","2","1","0","0","0","180","1","True","True","1","F_2_ (10).jpg","768","1024","RGB","f91945bcc821c262d8dcf34b2efd8c5279f1a2ad6bf13a1d211df84876aa0196","1","found"
"F_2_ (11).jpg","F_2","11","0","2","1","1","0","0","180","1","True","True","1","F_2_ (11).jpg","768","1024","RGB","2c242cbe2a430ae2848b49eee3f06d84b6c98576c6b0090481e7b901847936ac","1","found"
"F_2_ (12).jpg","F_2","12","1","2","1","0","0","0","180","1","True","True","1","F_2_ (12).jpg","768","1024","RGB","16ef728d9ece9c48d0d5e42bedc6ef4dab1fc9d1567da00b67e37da87de2cdb9","1","found"
"F_2_ (13).jpg","F_2","13","1","2","1","1","0","0","180","1","True","True","1","F_2_ (13).jpg","768","1024","RGB","bf42bdb322280b432f5482a7b2440067a106cd435c0368080ba71437ee41bb81","1","found"
"F_2_ (14).jpg","F_2","14","0","2","2","0","0","0","180","1","True","True","1","F_2_ (14).jpg","768","1024","RGB","08b8a3f1235a12388c1f1fd493bc1d1bd724ef1b46c1e47d9990a3d299304a33","1","found"
"F_2_ (15).jpg","F_2","15","0","2","2","1","0","0","180","1","True","True","1","F_2_ (15).jpg","768","1024","RGB","abec53235bb5256c18a2abacd35d35f5373c93989633639ef3cbe3f8a4d89e55","1","found"
"F_2_ (16).jpg","F_2","16","1","2","2","0","0","0","180","1","True","True","1","F_2_ (16).jpg","768","1024","RGB","de443c0d66a3a928f649b3d84180e9afb4fc49ece35cb461ca2149f4de9964b2","1","found"
"F_2_ (17).jpg","F_2","17","1","2","2","1","0","0","180","1","True","True","1","F_2_ (17).jpg","768","1024","RGB","c2bd1485cef86f84438684c9d20917c69c2b59e1159f34b6e4d2ad47d5e4088f","1","found"
"F_2_ (2).jpg","F_2","2","0","1","1","0","0","0","180","1","True","True","1","F_2_ (2).jpg","768","1024","RGB","0b249a2297b0720521c31549ba498d97d8ddc3fe17e20376061956c564212e54","1","found"
"F_2_ (3).jpg","F_2","3","0","1","1","1","0","0","180","1","True","True","1","F_2_ (3).jpg","768","1024","RGB","0bf8e73abb730b83b4b68bfcdd2171a852242a9af6e4efdbd26bcec8220cfbca","1","found"
"F_2_ (4).jpg","F_2","4","1","1","1","0","0","0","180","1","True","True","1","F_2_ (4).jpg","768","1024","RGB","839a75089c3f129fd55317bae433050e83f997896efb3bbb1b3d0e68454f9dda","1","found"
"F_2_ (5).jpg","F_2","5","1","1","1","1","0","0","180","1","True","True","1","F_2_ (5).jpg","768","1024","RGB","3bc2207ae53e73671308949b2e43c535587fa5c5413fa5f36b7ff1ed1d92f0ca","1","found"
"F_2_ (6).jpg","F_2","6","0","1","2","0","0","0","180","1","True","True","1","F_2_ (6).jpg","768","1024","RGB","02a5bef4041ffd3e211a29462e2636c1216a40ed2f519f788aa87e971999e346","1","found"
"F_2_ (7).jpg","F_2","7","0","1","2","1","0","0","180","1","True","True","1","F_2_ (7).jpg","768","1024","RGB","79b8653f232d6ec7e430f4d9c0fbcda46d804cf25c607d96313435b24f663762","1","found"
"F_2_ (8).jpg","F_2","8","1","1","2","0","0","0","180","1","True","True","1","F_2_ (8).jpg","768","1024","RGB","214cc5e99292da78607d10131a5126042f85f29db38d21ecd75935b416cf68a7","1","found"
"F_2_ (9).jpg","F_2","9","1","1","2","1","0","0","180","1","True","True","1","F_2_ (9).jpg","768","1024","RGB","0ddcb8801a801ebddc680b18ac5d360849013a26d18463031566f0e5fc3596c1","1","found"
"M_1_ (1).jpg","M_1","1","0","0","0","0","1","0","180","1","True","True","1","M_1_ (1).jpg","768","1024","RGB","dba1e4abe40ab33669ed0ac8520e5e3cb488e8dda1b84684e97b9f498f2c3e7e","1","found"
"M_1_ (10).jpg","M_1","10","0","2","1","0","0","0","180","1","True","True","1","M_1_ (10).jpg","768","1024","RGB","deaa83e868a51d394a0fa0db2da9b6a33a3044e872926e0f18d04f972072b7d0","1","found"
"M_1_ (11).jpg","M_1","11","0","2","1","1","0","0","180","1","True","True","1","M_1_ (11).jpg","768","1024","RGB","8457a614717b636811f925fb432a225008e96774eb4bf5f2796fe40bda9f090b","1","found"
"M_1_ (12).jpg","M_1","12","1","2","1","0","0","0","180","1","True","True","1","M_1_ (12).jpg","768","1024","RGB","a7fda5d1f13360052d110d895c1696ad302bff337b1e41a1cd7c8acfb984516e","1","found"
"M_1_ (13).jpg","M_1","13","1","2","1","1","0","0","180","1","True","True","1","M_1_ (13).jpg","768","1024","RGB","bce83fd930f42899d4c511745c9c62d34ba9efbb8e33ab33952265c3a3c8bc9e","1","found"
"M_1_ (14).jpg","M_1","14","0","2","2","0","0","0","180","1","True","True","1","M_1_ (14).jpg","768","1024","RGB","22a2b5fb636321e7f3dd397c1fd1e6c704b8400884ed423d077677dba9382cf1","1","found"
"M_1_ (15).jpg","M_1","15","0","2","2","1","0","0","180","1","True","True","1","M_1_ (15).jpg","768","1024","RGB","1d4d8df60825d168b43435532f7cc4ffeac87b7b03884ae626dff591a26077f2","1","found"
"M_1_ (16).jpg","M_1","16","1","2","2","0","0","0","180","1","True","True","1","M_1_ (16).jpg","768","1024","RGB","5a7764648d33c1e66b597535942e85f1f555422a9c838ec9a52565d751edf29a","1","found"
"M_1_ (17).jpg","M_1","17","1","2","2","1","0","0","180","1","True","True","1","M_1_ (17).jpg","768","1024","RGB","aa238a37a145bdff7e9bac8bf2144d19e807e346e221c98432f121a6864a4cb8","1","found"
"M_1_ (2).jpg","M_1","2","0","1","1","0","0","0","180","1","True","True","1","M_1_ (2).jpg","768","1024","RGB","d8cb3667d0fcac567e7ed868496d411990b87494ed79fd63423e8c2bee62f5b8","1","found"
"M_1_ (3).jpg","M_1","3","0","1","1","1","0","0","180","1","True","True","1","M_1_ (3).jpg","768","1024","RGB","53721e07b9e8c49add7705069c11a39d39f64fc022a4272a3ca83d293009a0dc","1","found"
"M_1_ (4).jpg","M_1","4","1","1","1","0","0","0","180","1","True","True","1","M_1_ (4).jpg","768","1024","RGB","0cb43fd02054a0b6a56bf2960557431dcfb158d5cae0851711236de30a2a8573","1","found"
"M_1_ (5).jpg","M_1","5","1","1","1","1","0","0","180","1","True","True","1","M_1_ (5).jpg","768","1024","RGB","cf085ac07f7386dc77b001885fa9ce8758d3ce604010c4367f1b23e350b18cc6","1","found"
"M_1_ (6).jpg","M_1","6","0","1","2","0","0","0","180","1","True","True","1","M_1_ (6).jpg","768","1024","RGB","b57cffd1b01f46ff5bbf34adaf79088ed5134630990270d0ebc411473a5e4842","1","found"
"M_1_ (7).jpg","M_1","7","0","1","2","1","0","0","180","1","True","True","1","M_1_ (7).jpg","768","1024","RGB","df0e95f86f17f0683ce54d21b070e4770c4aefe99cea858ad48cf08229052e01","1","found"
"M_1_ (8).jpg","M_1","8","1","1","2","0","0","0","180","1","True","True","1","M_1_ (8).jpg","768","1024","RGB","67825725b0fe3ccb9e630c52ee0a9dbec34c2a80f9231d662069fc6de326fe0a","1","found"
"M_1_ (9).jpg","M_1","9","1","1","2","1","0","0","180","1","True","True","1","M_1_ (9).jpg","768","1024","RGB","b68813b73c89dd6b58302957c57a1b20a6944ec20f77596173f48ca8da7c750b","1","found"
"M_2_ (1).jpg","M_2","1","0","0","0","0","1","0","180","1","True","True","1","M_2_ (1).jpg","768","1024","RGB","d7199055422b5ef53d2fed8712eb23690b28e097f83a5b108bdd46645699b728","1","found"
"M_2_ (10).jpg","M_2","10","0","2","1","0","0","0","180","1","True","True","1","M_2_ (10).jpg","768","1024","RGB","2fb2490df26213465e5efa9fb8e1f030bef6269770419cd2fa3daf80abcdf729","1","found"
"M_2_ (11).jpg","M_2","11","0","2","1","1","0","0","180","1","True","True","1","M_2_ (11).jpg","768","1024","RGB","4a05940b7daa6506f74994ad3ce1a5d756e096b71f13664c240259c98eeb2bd7","1","found"
"M_2_ (12).jpg","M_2","12","1","2","1","0","0","0","180","1","True","True","1","M_2_ (12).jpg","768","1024","RGB","fea92d2d6fa8a43f57e97551fff47e57ab0a5fcaca67dd1dc38a8526a28fc270","1","found"
"M_2_ (13).jpg","M_2","13","1","2","1","1","0","0","180","1","True","True","1","M_2_ (13).jpg","768","1024","RGB","fbd18d76a04ddc3bc31071433d63d1aeef6ddb5ab26089656f97ef314d3c92b0","1","found"
"M_2_ (14).jpg","M_2","14","0","2","2","0","0","0","180","1","True","True","1","M_2_ (14).jpg","768","1024","RGB","3f2edd1f9fa11780afd3d6fa0c8bd4d90ea9f887bee811ad7ab9201b5f7b0c71","1","found"
"M_2_ (15).jpg","M_2","15","0","2","2","1","0","0","180","1","True","True","1","M_2_ (15).jpg","768","1024","RGB","3dd4dfba609d1c588f4985dd101965d8ba44439e8651d3852a6d6880f8e30b89","1","found"
"M_2_ (16).jpg","M_2","16","1","2","2","0","0","0","180","1","True","True","1","M_2_ (16).jpg","768","1024","RGB","4ce26a52b62cee040d35eb608885cb2651b21576b6d23084b3804d41aca2a60a","1","found"
"M_2_ (17).jpg","M_2","17","1","2","2","1","0","0","180","1","True","True","1","M_2_ (17).jpg","768","1024","RGB","5e1863c73ab7f0a3b68bce4d323bcec558e1dcb54051d356113eab7c7f6005df","1","found"
"M_2_ (2).jpg","M_2","2","0","1","1","0","0","0","180","1","True","True","1","M_2_ (2).jpg","768","1024","RGB","a8f0cf21452a544440fcbf2805d1bf39b2f2cc13a4f52e69d8601b2e894d6706","1","found"
"M_2_ (3).jpg","M_2","3","0","1","1","1","0","0","180","1","True","True","1","M_2_ (3).jpg","768","1024","RGB","fbbcf8a497a23baf9bb905115166b73d73d177f4e73d74e19848628ef611d506","1","found"
"M_2_ (4).jpg","M_2","4","1","1","1","0","0","0","180","1","True","True","1","M_2_ (4).jpg","768","1024","RGB","be8cd874320586bf9f7d99d571bc013696309e5751f2053bddbc483821ee1b63","1","found"
"M_2_ (5).jpg","M_2","5","1","1","1","1","0","0","180","1","True","True","1","M_2_ (5).jpg","768","1024","RGB","2733609cd8a5dab3a96fdc19762143837640cebfd7a12d957619ece710f9fed2","1","found"
"M_2_ (6).jpg","M_2","6","0","1","2","0","0","0","180","1","True","True","1","M_2_ (6).jpg","768","1024","RGB","91044857739e4655758b6e10604eacccfc2179bb975a3846e0c08bc7b7a96b0e","1","found"
"M_2_ (7).jpg","M_2","7","0","1","2","1","0","0","180","1","True","True","1","M_2_ (7).jpg","768","1024","RGB","058b69d3c0c781d68e6da9b13f61abdc42662758a07cf8ead49d75711b87670d","1","found"
"M_2_ (8).jpg","M_2","8","1","1","2","0","0","0","180","1","True","True","1","M_2_ (8).jpg","768","1024","RGB","af03abb57b918b398704dc65c01b3f114796eb28d1164a4f201f73ccfbe83dcf","1","found"
"M_2_ (9).jpg","M_2","9","1","1","2","1","0","0","180","1","True","True","1","M_2_ (9).jpg","768","1024","RGB","4a32155fe043191dc192c706cdfc665f9c9d81efe449addcc3657e191bfa852c","1","found"
"T_ (1).jpg","T","1","N","N","N","N","N","1","540","1","True","False","0","T_ (1).jpg","","","","","0","missing_physical_image"
"T_ (2).jpg","T","2","N","N","N","N","N","1","360","1","True","False","0","T_ (2).jpg","","","","","0","missing_physical_image"
"T_ (3).jpg","T","3","N","N","N","N","N","1","360","1","True","False","0","T_ (3).jpg","","","","","0","missing_physical_image"
"T_ (4).jpg","T","4","N","N","N","N","N","1","540","1","True","False","0","T_ (4).jpg","","","","","0","missing_physical_image"
