analysis,excluded_participant,n_participants,participants,metric,cluster_start_ms,cluster_end_ms,cluster_mass_abs_t,joint_familywise_p,peak_time_ms,peak_t,n_permutations,cluster_forming_p,seed
N29,,29,s1;s10;s11;s12;s13;s14;s15;s16;s17;s18;s19;s2;s20;s21;s22;s23;s24;s25;s26;s27;s28;s29;s3;s30;s4;s6;s7;s8;s9,G,100.0,100.0,2.776741240632815,0.6706329367063294,100.0,-2.776741240632815,10000,0.05,20260818
N29,,29,s1;s10;s11;s12;s13;s14;s15;s16;s17;s18;s19;s2;s20;s21;s22;s23;s24;s25;s26;s27;s28;s29;s3;s30;s4;s6;s7;s8;s9,G,220.0,220.0,2.1349835184059556,0.8568143185681432,220.0,-2.1349835184059556,10000,0.05,20260818
N29,,29,s1;s10;s11;s12;s13;s14;s15;s16;s17;s18;s19;s2;s20;s21;s22;s23;s24;s25;s26;s27;s28;s29;s3;s30;s4;s6;s7;s8;s9,G,360.0,360.0,2.380425384948392,0.7491250874912508,360.0,2.380425384948392,10000,0.05,20260818
N29,,29,s1;s10;s11;s12;s13;s14;s15;s16;s17;s18;s19;s2;s20;s21;s22;s23;s24;s25;s26;s27;s28;s29;s3;s30;s4;s6;s7;s8;s9,G,420.0,580.0,24.0628655731775,0.042195780421957804,520.0,4.33762085067708,10000,0.05,20260818
N29,,29,s1;s10;s11;s12;s13;s14;s15;s16;s17;s18;s19;s2;s20;s21;s22;s23;s24;s25;s26;s27;s28;s29;s3;s30;s4;s6;s7;s8;s9,A,80.0,80.0,2.101397513624218,0.8740125987401259,80.0,2.101397513624218,10000,0.05,20260818
N29,,29,s1;s10;s11;s12;s13;s14;s15;s16;s17;s18;s19;s2;s20;s21;s22;s23;s24;s25;s26;s27;s28;s29;s3;s30;s4;s6;s7;s8;s9,A,440.0,580.0,23.101662371051745,0.046795320467953205,580.0,-3.2102947723982402,10000,0.05,20260818
N29,,29,s1;s10;s11;s12;s13;s14;s15;s16;s17;s18;s19;s2;s20;s21;s22;s23;s24;s25;s26;s27;s28;s29;s3;s30;s4;s6;s7;s8;s9,A,660.0,680.0,4.449054446230811,0.6028397160283971,660.0,-2.379581514272688,10000,0.05,20260818
N28_unified_primary,,28,s1;s10;s11;s12;s13;s14;s15;s16;s17;s19;s2;s20;s21;s22;s23;s24;s25;s26;s27;s28;s29;s3;s30;s4;s6;s7;s8;s9,G,100.0,100.0,2.9227442292906636,0.6759324067593241,100.0,-2.9227442292906636,10000,0.05,20260819
N28_unified_primary,,28,s1;s10;s11;s12;s13;s14;s15;s16;s17;s19;s2;s20;s21;s22;s23;s24;s25;s26;s27;s28;s29;s3;s30;s4;s6;s7;s8;s9,G,220.0,220.0,2.2815047704937395,0.8029197080291971,220.0,-2.2815047704937395,10000,0.05,20260819
N28_unified_primary,,28,s1;s10;s11;s12;s13;s14;s15;s16;s17;s19;s2;s20;s21;s22;s23;s24;s25;s26;s27;s28;s29;s3;s30;s4;s6;s7;s8;s9,G,360.0,360.0,2.1694271921359296,0.8546145385461453,360.0,2.1694271921359296,10000,0.05,20260819
N28_unified_primary,,28,s1;s10;s11;s12;s13;s14;s15;s16;s17;s19;s2;s20;s21;s22;s23;s24;s25;s26;s27;s28;s29;s3;s30;s4;s6;s7;s8;s9,G,420.0,540.0,17.90532164408644,0.0766923307669233,520.0,4.092568088687748,10000,0.05,20260819
N28_unified_primary,,28,s1;s10;s11;s12;s13;s14;s15;s16;s17;s19;s2;s20;s21;s22;s23;s24;s25;s26;s27;s28;s29;s3;s30;s4;s6;s7;s8;s9,A,440.0,580.0,22.654746271617185,0.045295470452954706,580.0,-3.265787886732215,10000,0.05,20260819
N28_unified_primary,,28,s1;s10;s11;s12;s13;s14;s15;s16;s17;s19;s2;s20;s21;s22;s23;s24;s25;s26;s27;s28;s29;s3;s30;s4;s6;s7;s8;s9,A,660.0,680.0,4.62266401081901,0.5807419258074192,660.0,-2.4475550076899437,10000,0.05,20260819
leave_s18_out,,28,s1;s10;s11;s12;s13;s14;s15;s16;s17;s19;s2;s20;s21;s22;s23;s24;s25;s26;s27;s28;s29;s3;s30;s4;s6;s7;s8;s9,G,100.0,100.0,2.9227442292906636,0.6676332366763323,100.0,-2.9227442292906636,10000,0.05,20260820
leave_s18_out,,28,s1;s10;s11;s12;s13;s14;s15;s16;s17;s19;s2;s20;s21;s22;s23;s24;s25;s26;s27;s28;s29;s3;s30;s4;s6;s7;s8;s9,G,220.0,220.0,2.2815047704937395,0.8009199080091991,220.0,-2.2815047704937395,10000,0.05,20260820
leave_s18_out,,28,s1;s10;s11;s12;s13;s14;s15;s16;s17;s19;s2;s20;s21;s22;s23;s24;s25;s26;s27;s28;s29;s3;s30;s4;s6;s7;s8;s9,G,360.0,360.0,2.1694271921359296,0.8540145985401459,360.0,2.1694271921359296,10000,0.05,20260820
leave_s18_out,,28,s1;s10;s11;s12;s13;s14;s15;s16;s17;s19;s2;s20;s21;s22;s23;s24;s25;s26;s27;s28;s29;s3;s30;s4;s6;s7;s8;s9,G,420.0,540.0,17.90532164408644,0.0775922407759224,520.0,4.092568088687748,10000,0.05,20260820
leave_s18_out,,28,s1;s10;s11;s12;s13;s14;s15;s16;s17;s19;s2;s20;s21;s22;s23;s24;s25;s26;s27;s28;s29;s3;s30;s4;s6;s7;s8;s9,A,440.0,580.0,22.654746271617185,0.04659534046595341,580.0,-3.265787886732215,10000,0.05,20260820
leave_s18_out,,28,s1;s10;s11;s12;s13;s14;s15;s16;s17;s19;s2;s20;s21;s22;s23;s24;s25;s26;s27;s28;s29;s3;s30;s4;s6;s7;s8;s9,A,660.0,680.0,4.62266401081901,0.5660433956604339,660.0,-2.4475550076899437,10000,0.05,20260820
LOPO_s1,s1,28,s10;s11;s12;s13;s14;s15;s16;s17;s18;s19;s2;s20;s21;s22;s23;s24;s25;s26;s27;s28;s29;s3;s30;s4;s6;s7;s8;s9,G,100.0,100.0,2.8169655316187474,0.6736326367363263,100.0,-2.8169655316187474,10000,0.05,20260918
LOPO_s1,s1,28,s10;s11;s12;s13;s14;s15;s16;s17;s18;s19;s2;s20;s21;s22;s23;s24;s25;s26;s27;s28;s29;s3;s30;s4;s6;s7;s8;s9,G,220.0,220.0,2.259634296150437,0.8033196680331967,220.0,-2.259634296150437,10000,0.05,20260918
LOPO_s1,s1,28,s10;s11;s12;s13;s14;s15;s16;s17;s18;s19;s2;s20;s21;s22;s23;s24;s25;s26;s27;s28;s29;s3;s30;s4;s6;s7;s8;s9,G,360.0,360.0,2.3551956797021716,0.7651234876512348,360.0,2.3551956797021716,10000,0.05,20260918
LOPO_s1,s1,28,s10;s11;s12;s13;s14;s15;s16;s17;s18;s19;s2;s20;s21;s22;s23;s24;s25;s26;s27;s28;s29;s3;s30;s4;s6;s7;s8;s9,G,420.0,540.0,18.492691659967996,0.07839216078392161,520.0,4.116202849645253,10000,0.05,20260918
LOPO_s1,s1,28,s10;s11;s12;s13;s14;s15;s16;s17;s18;s19;s2;s20;s21;s22;s23;s24;s25;s26;s27;s28;s29;s3;s30;s4;s6;s7;s8;s9,A,440.0,580.0,23.193415763731377,0.044995500449955005,560.0,-3.161823829414938,10000,0.05,20260918
LOPO_s1,s1,28,s10;s11;s12;s13;s14;s15;s16;s17;s18;s19;s2;s20;s21;s22;s23;s24;s25;s26;s27;s28;s29;s3;s30;s4;s6;s7;s8;s9,A,660.0,680.0,4.556036230386113,0.5911408859114089,660.0,-2.399420571913414,10000,0.05,20260918
LOPO_s1,s1,28,s10;s11;s12;s13;s14;s15;s16;s17;s18;s19;s2;s20;s21;s22;s23;s24;s25;s26;s27;s28;s29;s3;s30;s4;s6;s7;s8;s9,A,980.0,980.0,2.1638794489399755,0.8482151784821518,980.0,-2.1638794489399755,10000,0.05,20260918
LOPO_s2,s2,28,s1;s10;s11;s12;s13;s14;s15;s16;s17;s18;s19;s20;s21;s22;s23;s24;s25;s26;s27;s28;s29;s3;s30;s4;s6;s7;s8;s9,G,100.0,100.0,3.196596521848946,0.6595340465953404,100.0,-3.196596521848946,10000,0.05,20260919
LOPO_s2,s2,28,s1;s10;s11;s12;s13;s14;s15;s16;s17;s18;s19;s20;s21;s22;s23;s24;s25;s26;s27;s28;s29;s3;s30;s4;s6;s7;s8;s9,G,220.0,220.0,2.1645986333971767,0.8444155584441556,220.0,-2.1645986333971767,10000,0.05,20260919
LOPO_s2,s2,28,s1;s10;s11;s12;s13;s14;s15;s16;s17;s18;s19;s20;s21;s22;s23;s24;s25;s26;s27;s28;s29;s3;s30;s4;s6;s7;s8;s9,G,360.0,360.0,2.171691535998069,0.8412158784121588,360.0,2.171691535998069,10000,0.05,20260919
LOPO_s2,s2,28,s1;s10;s11;s12;s13;s14;s15;s16;s17;s18;s19;s20;s21;s22;s23;s24;s25;s26;s27;s28;s29;s3;s30;s4;s6;s7;s8;s9,G,420.0,560.0,20.331598109095545,0.062493750624937505,520.0,4.072843695069878,10000,0.05,20260919
LOPO_s2,s2,28,s1;s10;s11;s12;s13;s14;s15;s16;s17;s18;s19;s20;s21;s22;s23;s24;s25;s26;s27;s28;s29;s3;s30;s4;s6;s7;s8;s9,A,80.0,80.0,2.208896111687424,0.8231176882311769,80.0,2.208896111687424,10000,0.05,20260919
LOPO_s2,s2,28,s1;s10;s11;s12;s13;s14;s15;s16;s17;s18;s19;s20;s21;s22;s23;s24;s25;s26;s27;s28;s29;s3;s30;s4;s6;s7;s8;s9,A,440.0,580.0,24.96591730124392,0.0370962903709629,560.0,-3.4451451867781855,10000,0.05,20260919
LOPO_s2,s2,28,s1;s10;s11;s12;s13;s14;s15;s16;s17;s18;s19;s20;s21;s22;s23;s24;s25;s26;s27;s28;s29;s3;s30;s4;s6;s7;s8;s9,A,660.0,680.0,4.684454381587644,0.5627437256274372,660.0,-2.476546969188004,10000,0.05,20260919
LOPO_s2,s2,28,s1;s10;s11;s12;s13;s14;s15;s16;s17;s18;s19;s20;s21;s22;s23;s24;s25;s26;s27;s28;s29;s3;s30;s4;s6;s7;s8;s9,A,900.0,900.0,2.2057426625340297,0.8246175382461753,900.0,-2.2057426625340297,10000,0.05,20260919
LOPO_s2,s2,28,s1;s10;s11;s12;s13;s14;s15;s16;s17;s18;s19;s20;s21;s22;s23;s24;s25;s26;s27;s28;s29;s3;s30;s4;s6;s7;s8;s9,A,980.0,980.0,2.2623198527887287,0.7989201079892011,980.0,-2.2623198527887287,10000,0.05,20260919
LOPO_s3,s3,28,s1;s10;s11;s12;s13;s14;s15;s16;s17;s18;s19;s2;s20;s21;s22;s23;s24;s25;s26;s27;s28;s29;s30;s4;s6;s7;s8;s9,G,100.0,100.0,2.552491766305615,0.6982301769823017,100.0,-2.552491766305615,10000,0.05,20260920
LOPO_s3,s3,28,s1;s10;s11;s12;s13;s14;s15;s16;s17;s18;s19;s2;s20;s21;s22;s23;s24;s25;s26;s27;s28;s29;s30;s4;s6;s7;s8;s9,G,220.0,220.0,2.0915268089471044,0.88001199880012,220.0,-2.0915268089471044,10000,0.05,20260920
LOPO_s3,s3,28,s1;s10;s11;s12;s13;s14;s15;s16;s17;s18;s19;s2;s20;s21;s22;s23;s24;s25;s26;s27;s28;s29;s30;s4;s6;s7;s8;s9,G,360.0,360.0,2.3955314906855576,0.7417258274172582,360.0,2.3955314906855576,10000,0.05,20260920
LOPO_s3,s3,28,s1;s10;s11;s12;s13;s14;s15;s16;s17;s18;s19;s2;s20;s21;s22;s23;s24;s25;s26;s27;s28;s29;s30;s4;s6;s7;s8;s9,G,420.0,580.0,23.461668407646624,0.0466953304669533,520.0,4.296067862134997,10000,0.05,20260920
LOPO_s3,s3,28,s1;s10;s11;s12;s13;s14;s15;s16;s17;s18;s19;s2;s20;s21;s22;s23;s24;s25;s26;s27;s28;s29;s30;s4;s6;s7;s8;s9,A,440.0,580.0,21.173023039023505,0.0603939606039396,580.0,-2.9507811588183936,10000,0.05,20260920
LOPO_s3,s3,28,s1;s10;s11;s12;s13;s14;s15;s16;s17;s18;s19;s2;s20;s21;s22;s23;s24;s25;s26;s27;s28;s29;s30;s4;s6;s7;s8;s9,A,660.0,660.0,2.1767694385078045,0.835916408359164,660.0,-2.1767694385078045,10000,0.05,20260920
LOPO_s4,s4,28,s1;s10;s11;s12;s13;s14;s15;s16;s17;s18;s19;s2;s20;s21;s22;s23;s24;s25;s26;s27;s28;s29;s3;s30;s6;s7;s8;s9,G,100.0,100.0,2.7423117147319576,0.6724327567243276,100.0,-2.7423117147319576,10000,0.05,20260921
LOPO_s4,s4,28,s1;s10;s11;s12;s13;s14;s15;s16;s17;s18;s19;s2;s20;s21;s22;s23;s24;s25;s26;s27;s28;s29;s3;s30;s6;s7;s8;s9,G,220.0,220.0,2.2068402902124213,0.8237176282371763,220.0,-2.2068402902124213,10000,0.05,20260921
LOPO_s4,s4,28,s1;s10;s11;s12;s13;s14;s15;s16;s17;s18;s19;s2;s20;s21;s22;s23;s24;s25;s26;s27;s28;s29;s3;s30;s6;s7;s8;s9,G,360.0,360.0,2.26549160241088,0.7951204879512048,360.0,2.26549160241088,10000,0.05,20260921
LOPO_s4,s4,28,s1;s10;s11;s12;s13;s14;s15;s16;s17;s18;s19;s2;s20;s21;s22;s23;s24;s25;s26;s27;s28;s29;s3;s30;s6;s7;s8;s9,G,420.0,580.0,23.75169535369174,0.04279572042795721,520.0,4.300814826475157,10000,0.05,20260921
LOPO_s4,s4,28,s1;s10;s11;s12;s13;s14;s15;s16;s17;s18;s19;s2;s20;s21;s22;s23;s24;s25;s26;s27;s28;s29;s3;s30;s6;s7;s8;s9,A,440.0,580.0,23.90212344812324,0.042195780421957804,580.0,-3.307238812141811,10000,0.05,20260921
LOPO_s4,s4,28,s1;s10;s11;s12;s13;s14;s15;s16;s17;s18;s19;s2;s20;s21;s22;s23;s24;s25;s26;s27;s28;s29;s3;s30;s6;s7;s8;s9,A,660.0,680.0,4.567472407381564,0.5786421357864213,660.0,-2.427328370930792,10000,0.05,20260921
LOPO_s6,s6,28,s1;s10;s11;s12;s13;s14;s15;s16;s17;s18;s19;s2;s20;s21;s22;s23;s24;s25;s26;s27;s28;s29;s3;s30;s4;s7;s8;s9,G,60.0,60.0,2.0540631998025325,0.8977102289771023,60.0,-2.0540631998025325,10000,0.05,20260922
LOPO_s6,s6,28,s1;s10;s11;s12;s13;s14;s15;s16;s17;s18;s19;s2;s20;s21;s22;s23;s24;s25;s26;s27;s28;s29;s3;s30;s4;s7;s8;s9,G,100.0,100.0,2.6662815749158293,0.6882311768823117,100.0,-2.6662815749158293,10000,0.05,20260922
LOPO_s6,s6,28,s1;s10;s11;s12;s13;s14;s15;s16;s17;s18;s19;s2;s20;s21;s22;s23;s24;s25;s26;s27;s28;s29;s3;s30;s4;s7;s8;s9,G,220.0,220.0,2.2615329416691385,0.7997200279972003,220.0,-2.2615329416691385,10000,0.05,20260922
LOPO_s6,s6,28,s1;s10;s11;s12;s13;s14;s15;s16;s17;s18;s19;s2;s20;s21;s22;s23;s24;s25;s26;s27;s28;s29;s3;s30;s4;s7;s8;s9,G,360.0,360.0,2.281609102370474,0.7902209779022098,360.0,2.281609102370474,10000,0.05,20260922
LOPO_s6,s6,28,s1;s10;s11;s12;s13;s14;s15;s16;s17;s18;s19;s2;s20;s21;s22;s23;s24;s25;s26;s27;s28;s29;s3;s30;s4;s7;s8;s9,G,420.0,580.0,23.122137942808102,0.05319468053194681,520.0,4.153190337794802,10000,0.05,20260922
LOPO_s6,s6,28,s1;s10;s11;s12;s13;s14;s15;s16;s17;s18;s19;s2;s20;s21;s22;s23;s24;s25;s26;s27;s28;s29;s3;s30;s4;s7;s8;s9,A,440.0,580.0,22.471899725596813,0.05649435056494351,580.0,-3.20772214460177,10000,0.05,20260922
LOPO_s6,s6,28,s1;s10;s11;s12;s13;s14;s15;s16;s17;s18;s19;s2;s20;s21;s22;s23;s24;s25;s26;s27;s28;s29;s3;s30;s4;s7;s8;s9,A,660.0,660.0,2.2676640611326335,0.7971202879712029,660.0,-2.2676640611326335,10000,0.05,20260922
LOPO_s6,s6,28,s1;s10;s11;s12;s13;s14;s15;s16;s17;s18;s19;s2;s20;s21;s22;s23;s24;s25;s26;s27;s28;s29;s3;s30;s4;s7;s8;s9,A,900.0,900.0,2.16358072348628,0.8449155084491551,900.0,-2.16358072348628,10000,0.05,20260922
LOPO_s6,s6,28,s1;s10;s11;s12;s13;s14;s15;s16;s17;s18;s19;s2;s20;s21;s22;s23;s24;s25;s26;s27;s28;s29;s3;s30;s4;s7;s8;s9,A,980.0,980.0,2.1379716301744955,0.8586141385861414,980.0,-2.1379716301744955,10000,0.05,20260922
LOPO_s7,s7,28,s1;s10;s11;s12;s13;s14;s15;s16;s17;s18;s19;s2;s20;s21;s22;s23;s24;s25;s26;s27;s28;s29;s3;s30;s4;s6;s8;s9,G,100.0,100.0,2.527878340870796,0.7395260473952605,100.0,-2.527878340870796,10000,0.05,20260923
LOPO_s7,s7,28,s1;s10;s11;s12;s13;s14;s15;s16;s17;s18;s19;s2;s20;s21;s22;s23;s24;s25;s26;s27;s28;s29;s3;s30;s4;s6;s8;s9,G,360.0,360.0,2.6846080235589804,0.7099290070992901,360.0,2.6846080235589804,10000,0.05,20260923
LOPO_s7,s7,28,s1;s10;s11;s12;s13;s14;s15;s16;s17;s18;s19;s2;s20;s21;s22;s23;s24;s25;s26;s27;s28;s29;s3;s30;s4;s6;s8;s9,G,420.0,580.0,24.23710201509475,0.046995300469953004,520.0,4.311242227548075,10000,0.05,20260923
LOPO_s7,s7,28,s1;s10;s11;s12;s13;s14;s15;s16;s17;s18;s19;s2;s20;s21;s22;s23;s24;s25;s26;s27;s28;s29;s3;s30;s4;s6;s8;s9,A,440.0,580.0,21.675939655616787,0.060493950604939506,580.0,-3.0197038504804916,10000,0.05,20260923
LOPO_s7,s7,28,s1;s10;s11;s12;s13;s14;s15;s16;s17;s18;s19;s2;s20;s21;s22;s23;s24;s25;s26;s27;s28;s29;s3;s30;s4;s6;s8;s9,A,660.0,660.0,2.3411737836942557,0.7943205679432057,660.0,-2.3411737836942557,10000,0.05,20260923
LOPO_s8,s8,28,s1;s10;s11;s12;s13;s14;s15;s16;s17;s18;s19;s2;s20;s21;s22;s23;s24;s25;s26;s27;s28;s29;s3;s30;s4;s6;s7;s9,G,100.0,100.0,2.918104830382293,0.67003299670033,100.0,-2.918104830382293,10000,0.05,20260924
LOPO_s8,s8,28,s1;s10;s11;s12;s13;s14;s15;s16;s17;s18;s19;s2;s20;s21;s22;s23;s24;s25;s26;s27;s28;s29;s3;s30;s4;s6;s7;s9,G,360.0,360.0,2.4233987930866925,0.7433256674332567,360.0,2.4233987930866925,10000,0.05,20260924
LOPO_s8,s8,28,s1;s10;s11;s12;s13;s14;s15;s16;s17;s18;s19;s2;s20;s21;s22;s23;s24;s25;s26;s27;s28;s29;s3;s30;s4;s6;s7;s9,G,420.0,580.0,25.186329919481096,0.040695930406959305,520.0,4.492398061801828,10000,0.05,20260924
LOPO_s8,s8,28,s1;s10;s11;s12;s13;s14;s15;s16;s17;s18;s19;s2;s20;s21;s22;s23;s24;s25;s26;s27;s28;s29;s3;s30;s4;s6;s7;s9,A,80.0,80.0,2.171154360495855,0.8513148685131486,80.0,2.171154360495855,10000,0.05,20260924
LOPO_s8,s8,28,s1;s10;s11;s12;s13;s14;s15;s16;s17;s18;s19;s2;s20;s21;s22;s23;s24;s25;s26;s27;s28;s29;s3;s30;s4;s6;s7;s9,A,440.0,580.0,23.97546014732065,0.045995400459954004,580.0,-3.2268349313913314,10000,0.05,20260924
LOPO_s8,s8,28,s1;s10;s11;s12;s13;s14;s15;s16;s17;s18;s19;s2;s20;s21;s22;s23;s24;s25;s26;s27;s28;s29;s3;s30;s4;s6;s7;s9,A,660.0,660.0,2.227775835711636,0.8241175882411759,660.0,-2.227775835711636,10000,0.05,20260924
LOPO_s9,s9,28,s1;s10;s11;s12;s13;s14;s15;s16;s17;s18;s19;s2;s20;s21;s22;s23;s24;s25;s26;s27;s28;s29;s3;s30;s4;s6;s7;s8,G,100.0,100.0,2.6561879226106386,0.6944305569443056,100.0,-2.6561879226106386,10000,0.05,20260925
LOPO_s9,s9,28,s1;s10;s11;s12;s13;s14;s15;s16;s17;s18;s19;s2;s20;s21;s22;s23;s24;s25;s26;s27;s28;s29;s3;s30;s4;s6;s7;s8,G,220.0,220.0,2.1324722557550895,0.8709129087091291,220.0,-2.1324722557550895,10000,0.05,20260925
LOPO_s9,s9,28,s1;s10;s11;s12;s13;s14;s15;s16;s17;s18;s19;s2;s20;s21;s22;s23;s24;s25;s26;s27;s28;s29;s3;s30;s4;s6;s7;s8,G,360.0,360.0,2.0973419604949153,0.8858114188581142,360.0,2.0973419604949153,10000,0.05,20260925
LOPO_s9,s9,28,s1;s10;s11;s12;s13;s14;s15;s16;s17;s18;s19;s2;s20;s21;s22;s23;s24;s25;s26;s27;s28;s29;s3;s30;s4;s6;s7;s8,G,420.0,580.0,23.172637148551804,0.049595040495950406,520.0,4.1311819300283545,10000,0.05,20260925
LOPO_s9,s9,28,s1;s10;s11;s12;s13;s14;s15;s16;s17;s18;s19;s2;s20;s21;s22;s23;s24;s25;s26;s27;s28;s29;s3;s30;s4;s6;s7;s8,A,440.0,580.0,22.281901436697872,0.0547945205479452,560.0,-3.1420052967766545,10000,0.05,20260925
LOPO_s9,s9,28,s1;s10;s11;s12;s13;s14;s15;s16;s17;s18;s19;s2;s20;s21;s22;s23;s24;s25;s26;s27;s28;s29;s3;s30;s4;s6;s7;s8,A,660.0,660.0,2.233761469784587,0.8191180881911809,660.0,-2.233761469784587,10000,0.05,20260925
LOPO_s10,s10,28,s1;s11;s12;s13;s14;s15;s16;s17;s18;s19;s2;s20;s21;s22;s23;s24;s25;s26;s27;s28;s29;s3;s30;s4;s6;s7;s8;s9,G,100.0,100.0,2.5755836854963716,0.7062293770622937,100.0,-2.5755836854963716,10000,0.05,20260926
LOPO_s10,s10,28,s1;s11;s12;s13;s14;s15;s16;s17;s18;s19;s2;s20;s21;s22;s23;s24;s25;s26;s27;s28;s29;s3;s30;s4;s6;s7;s8;s9,G,220.0,220.0,2.2005458716246635,0.833016698330167,220.0,-2.2005458716246635,10000,0.05,20260926
LOPO_s10,s10,28,s1;s11;s12;s13;s14;s15;s16;s17;s18;s19;s2;s20;s21;s22;s23;s24;s25;s26;s27;s28;s29;s3;s30;s4;s6;s7;s8;s9,G,360.0,360.0,2.1829717739622403,0.8422157784221578,360.0,2.1829717739622403,10000,0.05,20260926
LOPO_s10,s10,28,s1;s11;s12;s13;s14;s15;s16;s17;s18;s19;s2;s20;s21;s22;s23;s24;s25;s26;s27;s28;s29;s3;s30;s4;s6;s7;s8;s9,G,420.0,560.0,22.3617500961945,0.055594440555944404,520.0,4.314122326620973,10000,0.05,20260926
LOPO_s10,s10,28,s1;s11;s12;s13;s14;s15;s16;s17;s18;s19;s2;s20;s21;s22;s23;s24;s25;s26;s27;s28;s29;s3;s30;s4;s6;s7;s8;s9,A,80.0,80.0,2.1086881387022354,0.875012498750125,80.0,2.1086881387022354,10000,0.05,20260926
LOPO_s10,s10,28,s1;s11;s12;s13;s14;s15;s16;s17;s18;s19;s2;s20;s21;s22;s23;s24;s25;s26;s27;s28;s29;s3;s30;s4;s6;s7;s8;s9,A,440.0,580.0,21.361657020078077,0.06159384061593841,580.0,-3.023730916034742,10000,0.05,20260926
LOPO_s10,s10,28,s1;s11;s12;s13;s14;s15;s16;s17;s18;s19;s2;s20;s21;s22;s23;s24;s25;s26;s27;s28;s29;s3;s30;s4;s6;s7;s8;s9,A,660.0,660.0,2.1354190994949267,0.8637136286371363,660.0,-2.1354190994949267,10000,0.05,20260926
LOPO_s11,s11,28,s1;s10;s12;s13;s14;s15;s16;s17;s18;s19;s2;s20;s21;s22;s23;s24;s25;s26;s27;s28;s29;s3;s30;s4;s6;s7;s8;s9,G,100.0,100.0,2.724554070780474,0.6739326067393261,100.0,-2.724554070780474,10000,0.05,20260927
LOPO_s11,s11,28,s1;s10;s12;s13;s14;s15;s16;s17;s18;s19;s2;s20;s21;s22;s23;s24;s25;s26;s27;s28;s29;s3;s30;s4;s6;s7;s8;s9,G,360.0,360.0,2.9671293294085923,0.6579342065793421,360.0,2.9671293294085923,10000,0.05,20260927
LOPO_s11,s11,28,s1;s10;s12;s13;s14;s15;s16;s17;s18;s19;s2;s20;s21;s22;s23;s24;s25;s26;s27;s28;s29;s3;s30;s4;s6;s7;s8;s9,G,420.0,580.0,28.94179854478885,0.025097490250974904,520.0,5.172327665496621,10000,0.05,20260927
LOPO_s11,s11,28,s1;s10;s12;s13;s14;s15;s16;s17;s18;s19;s2;s20;s21;s22;s23;s24;s25;s26;s27;s28;s29;s3;s30;s4;s6;s7;s8;s9,A,440.0,580.0,22.689899805409606,0.048295170482951705,580.0,-3.117959100185223,10000,0.05,20260927
LOPO_s11,s11,28,s1;s10;s12;s13;s14;s15;s16;s17;s18;s19;s2;s20;s21;s22;s23;s24;s25;s26;s27;s28;s29;s3;s30;s4;s6;s7;s8;s9,A,660.0,660.0,2.2104975081155027,0.8265173482651735,660.0,-2.2104975081155027,10000,0.05,20260927
LOPO_s12,s12,28,s1;s10;s11;s13;s14;s15;s16;s17;s18;s19;s2;s20;s21;s22;s23;s24;s25;s26;s27;s28;s29;s3;s30;s4;s6;s7;s8;s9,G,100.0,100.0,2.724956997594857,0.6745325467453255,100.0,-2.724956997594857,10000,0.05,20260928
LOPO_s12,s12,28,s1;s10;s11;s13;s14;s15;s16;s17;s18;s19;s2;s20;s21;s22;s23;s24;s25;s26;s27;s28;s29;s3;s30;s4;s6;s7;s8;s9,G,220.0,220.0,2.2665390873625486,0.7875212478752125,220.0,-2.2665390873625486,10000,0.05,20260928
LOPO_s12,s12,28,s1;s10;s11;s13;s14;s15;s16;s17;s18;s19;s2;s20;s21;s22;s23;s24;s25;s26;s27;s28;s29;s3;s30;s4;s6;s7;s8;s9,G,360.0,360.0,2.100283754323961,0.8664133586641336,360.0,2.100283754323961,10000,0.05,20260928
LOPO_s12,s12,28,s1;s10;s11;s13;s14;s15;s16;s17;s18;s19;s2;s20;s21;s22;s23;s24;s25;s26;s27;s28;s29;s3;s30;s4;s6;s7;s8;s9,G,420.0,580.0,23.875206027710433,0.0494950504949505,520.0,4.164084008815974,10000,0.05,20260928
LOPO_s12,s12,28,s1;s10;s11;s13;s14;s15;s16;s17;s18;s19;s2;s20;s21;s22;s23;s24;s25;s26;s27;s28;s29;s3;s30;s4;s6;s7;s8;s9,A,80.0,80.0,2.096547386704861,0.8682131786821318,80.0,2.096547386704861,10000,0.05,20260928
LOPO_s12,s12,28,s1;s10;s11;s13;s14;s15;s16;s17;s18;s19;s2;s20;s21;s22;s23;s24;s25;s26;s27;s28;s29;s3;s30;s4;s6;s7;s8;s9,A,440.0,580.0,22.673494802860635,0.054394560543945605,560.0,-3.382599064026556,10000,0.05,20260928
LOPO_s12,s12,28,s1;s10;s11;s13;s14;s15;s16;s17;s18;s19;s2;s20;s21;s22;s23;s24;s25;s26;s27;s28;s29;s3;s30;s4;s6;s7;s8;s9,A,660.0,660.0,2.7067689186710213,0.6762323767623237,660.0,-2.7067689186710213,10000,0.05,20260928
LOPO_s13,s13,28,s1;s10;s11;s12;s14;s15;s16;s17;s18;s19;s2;s20;s21;s22;s23;s24;s25;s26;s27;s28;s29;s3;s30;s4;s6;s7;s8;s9,G,60.0,60.0,2.411389350641313,0.7341265873412659,60.0,-2.411389350641313,10000,0.05,20260929
LOPO_s13,s13,28,s1;s10;s11;s12;s14;s15;s16;s17;s18;s19;s2;s20;s21;s22;s23;s24;s25;s26;s27;s28;s29;s3;s30;s4;s6;s7;s8;s9,G,100.0,100.0,2.79224432352128,0.667033296670333,100.0,-2.79224432352128,10000,0.05,20260929
LOPO_s13,s13,28,s1;s10;s11;s12;s14;s15;s16;s17;s18;s19;s2;s20;s21;s22;s23;s24;s25;s26;s27;s28;s29;s3;s30;s4;s6;s7;s8;s9,G,360.0,360.0,2.3424676391659642,0.7548245175482452,360.0,2.3424676391659642,10000,0.05,20260929
LOPO_s13,s13,28,s1;s10;s11;s12;s14;s15;s16;s17;s18;s19;s2;s20;s21;s22;s23;s24;s25;s26;s27;s28;s29;s3;s30;s4;s6;s7;s8;s9,G,420.0,580.0,25.06133807959254,0.041495850414958506,520.0,4.082137651048841,10000,0.05,20260929
LOPO_s13,s13,28,s1;s10;s11;s12;s14;s15;s16;s17;s18;s19;s2;s20;s21;s22;s23;s24;s25;s26;s27;s28;s29;s3;s30;s4;s6;s7;s8;s9,G,700.0,700.0,2.333505037469796,0.7597240275972402,700.0,2.333505037469796,10000,0.05,20260929
LOPO_s13,s13,28,s1;s10;s11;s12;s14;s15;s16;s17;s18;s19;s2;s20;s21;s22;s23;s24;s25;s26;s27;s28;s29;s3;s30;s4;s6;s7;s8;s9,A,440.0,580.0,25.45435126817732,0.0397960203979602,480.0,-3.5986957937547834,10000,0.05,20260929
LOPO_s13,s13,28,s1;s10;s11;s12;s14;s15;s16;s17;s18;s19;s2;s20;s21;s22;s23;s24;s25;s26;s27;s28;s29;s3;s30;s4;s6;s7;s8;s9,A,660.0,680.0,4.828880800660631,0.5207479252074793,660.0,-2.6668441260269398,10000,0.05,20260929
LOPO_s13,s13,28,s1;s10;s11;s12;s14;s15;s16;s17;s18;s19;s2;s20;s21;s22;s23;s24;s25;s26;s27;s28;s29;s3;s30;s4;s6;s7;s8;s9,I,460.0,460.0,2.312260854493683,0.7692230776922308,460.0,2.312260854493683,10000,0.05,20260929
LOPO_s14,s14,28,s1;s10;s11;s12;s13;s15;s16;s17;s18;s19;s2;s20;s21;s22;s23;s24;s25;s26;s27;s28;s29;s3;s30;s4;s6;s7;s8;s9,G,100.0,100.0,2.5333620503642815,0.7027297270272973,100.0,-2.5333620503642815,10000,0.05,20260930
LOPO_s14,s14,28,s1;s10;s11;s12;s13;s15;s16;s17;s18;s19;s2;s20;s21;s22;s23;s24;s25;s26;s27;s28;s29;s3;s30;s4;s6;s7;s8;s9,G,220.0,220.0,2.157561771461971,0.841915808419158,220.0,-2.157561771461971,10000,0.05,20260930
LOPO_s14,s14,28,s1;s10;s11;s12;s13;s15;s16;s17;s18;s19;s2;s20;s21;s22;s23;s24;s25;s26;s27;s28;s29;s3;s30;s4;s6;s7;s8;s9,G,360.0,360.0,2.3803950456715826,0.7449255074492551,360.0,2.3803950456715826,10000,0.05,20260930
LOPO_s14,s14,28,s1;s10;s11;s12;s13;s15;s16;s17;s18;s19;s2;s20;s21;s22;s23;s24;s25;s26;s27;s28;s29;s3;s30;s4;s6;s7;s8;s9,G,420.0,580.0,24.716323940957643,0.0476952304769523,520.0,4.136237750207405,10000,0.05,20260930
LOPO_s14,s14,28,s1;s10;s11;s12;s13;s15;s16;s17;s18;s19;s2;s20;s21;s22;s23;s24;s25;s26;s27;s28;s29;s3;s30;s4;s6;s7;s8;s9,A,440.0,580.0,25.266960301192633,0.04509549045095491,540.0,-3.4145623612061335,10000,0.05,20260930
LOPO_s14,s14,28,s1;s10;s11;s12;s13;s15;s16;s17;s18;s19;s2;s20;s21;s22;s23;s24;s25;s26;s27;s28;s29;s3;s30;s4;s6;s7;s8;s9,A,660.0,680.0,4.708920412756562,0.551044895510449,680.0,-2.364456321057559,10000,0.05,20260930
LOPO_s14,s14,28,s1;s10;s11;s12;s13;s15;s16;s17;s18;s19;s2;s20;s21;s22;s23;s24;s25;s26;s27;s28;s29;s3;s30;s4;s6;s7;s8;s9,A,980.0,980.0,2.137635634871648,0.8528147185281472,980.0,-2.137635634871648,10000,0.05,20260930
LOPO_s15,s15,28,s1;s10;s11;s12;s13;s14;s16;s17;s18;s19;s2;s20;s21;s22;s23;s24;s25;s26;s27;s28;s29;s3;s30;s4;s6;s7;s8;s9,G,40.0,100.0,11.012260387699605,0.1792820717928207,100.0,-3.351480103885625,10000,0.05,20260931
LOPO_s15,s15,28,s1;s10;s11;s12;s13;s14;s16;s17;s18;s19;s2;s20;s21;s22;s23;s24;s25;s26;s27;s28;s29;s3;s30;s4;s6;s7;s8;s9,G,140.0,140.0,2.243506575305759,0.8135186481351865,140.0,-2.243506575305759,10000,0.05,20260931
LOPO_s15,s15,28,s1;s10;s11;s12;s13;s14;s16;s17;s18;s19;s2;s20;s21;s22;s23;s24;s25;s26;s27;s28;s29;s3;s30;s4;s6;s7;s8;s9,G,200.0,220.0,4.577443150457249,0.579042095790421,220.0,-2.4439149791715264,10000,0.05,20260931
LOPO_s15,s15,28,s1;s10;s11;s12;s13;s14;s16;s17;s18;s19;s2;s20;s21;s22;s23;s24;s25;s26;s27;s28;s29;s3;s30;s4;s6;s7;s8;s9,G,360.0,360.0,2.2192121564410536,0.8245175482451755,360.0,2.2192121564410536,10000,0.05,20260931
LOPO_s15,s15,28,s1;s10;s11;s12;s13;s14;s16;s17;s18;s19;s2;s20;s21;s22;s23;s24;s25;s26;s27;s28;s29;s3;s30;s4;s6;s7;s8;s9,G,440.0,540.0,16.03685142629419,0.0993900609939006,520.0,4.102544967495097,10000,0.05,20260931
LOPO_s15,s15,28,s1;s10;s11;s12;s13;s14;s16;s17;s18;s19;s2;s20;s21;s22;s23;s24;s25;s26;s27;s28;s29;s3;s30;s4;s6;s7;s8;s9,A,80.0,80.0,2.3815198747884154,0.7526247375262474,80.0,2.3815198747884154,10000,0.05,20260931
LOPO_s15,s15,28,s1;s10;s11;s12;s13;s14;s16;s17;s18;s19;s2;s20;s21;s22;s23;s24;s25;s26;s27;s28;s29;s3;s30;s4;s6;s7;s8;s9,A,440.0,580.0,21.950083987373546,0.0524947505249475,580.0,-3.0097481116507434,10000,0.05,20260931
LOPO_s15,s15,28,s1;s10;s11;s12;s13;s14;s16;s17;s18;s19;s2;s20;s21;s22;s23;s24;s25;s26;s27;s28;s29;s3;s30;s4;s6;s7;s8;s9,A,660.0,660.0,2.0942407544374175,0.8861113888611138,660.0,-2.0942407544374175,10000,0.05,20260931
LOPO_s16,s16,28,s1;s10;s11;s12;s13;s14;s15;s17;s18;s19;s2;s20;s21;s22;s23;s24;s25;s26;s27;s28;s29;s3;s30;s4;s6;s7;s8;s9,G,100.0,100.0,2.535747846262497,0.6978302169783022,100.0,-2.535747846262497,10000,0.05,20260932
LOPO_s16,s16,28,s1;s10;s11;s12;s13;s14;s15;s17;s18;s19;s2;s20;s21;s22;s23;s24;s25;s26;s27;s28;s29;s3;s30;s4;s6;s7;s8;s9,G,360.0,360.0,2.26121070576893,0.7952204779522047,360.0,2.26121070576893,10000,0.05,20260932
LOPO_s16,s16,28,s1;s10;s11;s12;s13;s14;s15;s17;s18;s19;s2;s20;s21;s22;s23;s24;s25;s26;s27;s28;s29;s3;s30;s4;s6;s7;s8;s9,G,420.0,540.0,18.673966597298566,0.07679232076792321,520.0,4.073704613397476,10000,0.05,20260932
LOPO_s16,s16,28,s1;s10;s11;s12;s13;s14;s15;s17;s18;s19;s2;s20;s21;s22;s23;s24;s25;s26;s27;s28;s29;s3;s30;s4;s6;s7;s8;s9,A,80.0,80.0,2.165378362324209,0.8405159484051595,80.0,2.165378362324209,10000,0.05,20260932
LOPO_s16,s16,28,s1;s10;s11;s12;s13;s14;s15;s17;s18;s19;s2;s20;s21;s22;s23;s24;s25;s26;s27;s28;s29;s3;s30;s4;s6;s7;s8;s9,A,440.0,580.0,22.778987414780758,0.0484951504849515,580.0,-3.2811210896555085,10000,0.05,20260932
LOPO_s16,s16,28,s1;s10;s11;s12;s13;s14;s15;s17;s18;s19;s2;s20;s21;s22;s23;s24;s25;s26;s27;s28;s29;s3;s30;s4;s6;s7;s8;s9,A,660.0,660.0,2.3497780009276887,0.756024397560244,660.0,-2.3497780009276887,10000,0.05,20260932
LOPO_s16,s16,28,s1;s10;s11;s12;s13;s14;s15;s17;s18;s19;s2;s20;s21;s22;s23;s24;s25;s26;s27;s28;s29;s3;s30;s4;s6;s7;s8;s9,A,900.0,900.0,2.2115303696445046,0.8205179482051795,900.0,-2.2115303696445046,10000,0.05,20260932
LOPO_s17,s17,28,s1;s10;s11;s12;s13;s14;s15;s16;s18;s19;s2;s20;s21;s22;s23;s24;s25;s26;s27;s28;s29;s3;s30;s4;s6;s7;s8;s9,G,40.0,100.0,9.365215352103029,0.22677732226777322,100.0,-2.779838829795466,10000,0.05,20260933
LOPO_s17,s17,28,s1;s10;s11;s12;s13;s14;s15;s16;s18;s19;s2;s20;s21;s22;s23;s24;s25;s26;s27;s28;s29;s3;s30;s4;s6;s7;s8;s9,G,360.0,360.0,2.2532980163332543,0.7992200779922007,360.0,2.2532980163332543,10000,0.05,20260933
LOPO_s17,s17,28,s1;s10;s11;s12;s13;s14;s15;s16;s18;s19;s2;s20;s21;s22;s23;s24;s25;s26;s27;s28;s29;s3;s30;s4;s6;s7;s8;s9,G,440.0,580.0,21.442327369825744,0.05699430056994301,520.0,4.314929545557804,10000,0.05,20260933
LOPO_s17,s17,28,s1;s10;s11;s12;s13;s14;s15;s16;s18;s19;s2;s20;s21;s22;s23;s24;s25;s26;s27;s28;s29;s3;s30;s4;s6;s7;s8;s9,A,440.0,580.0,22.30458669250661,0.05219478052194781,560.0,-3.0463278480403333,10000,0.05,20260933
LOPO_s17,s17,28,s1;s10;s11;s12;s13;s14;s15;s16;s18;s19;s2;s20;s21;s22;s23;s24;s25;s26;s27;s28;s29;s3;s30;s4;s6;s7;s8;s9,A,660.0,680.0,4.623135754478817,0.5703429657034297,660.0,-2.516974989890175,10000,0.05,20260933
LOPO_s18,s18,28,s1;s10;s11;s12;s13;s14;s15;s16;s17;s19;s2;s20;s21;s22;s23;s24;s25;s26;s27;s28;s29;s3;s30;s4;s6;s7;s8;s9,G,100.0,100.0,2.9227442292906636,0.668933106689331,100.0,-2.9227442292906636,10000,0.05,20260934
LOPO_s18,s18,28,s1;s10;s11;s12;s13;s14;s15;s16;s17;s19;s2;s20;s21;s22;s23;s24;s25;s26;s27;s28;s29;s3;s30;s4;s6;s7;s8;s9,G,220.0,220.0,2.2815047704937395,0.8078192180781922,220.0,-2.2815047704937395,10000,0.05,20260934
LOPO_s18,s18,28,s1;s10;s11;s12;s13;s14;s15;s16;s17;s19;s2;s20;s21;s22;s23;s24;s25;s26;s27;s28;s29;s3;s30;s4;s6;s7;s8;s9,G,360.0,360.0,2.1694271921359296,0.861013898610139,360.0,2.1694271921359296,10000,0.05,20260934
LOPO_s18,s18,28,s1;s10;s11;s12;s13;s14;s15;s16;s17;s19;s2;s20;s21;s22;s23;s24;s25;s26;s27;s28;s29;s3;s30;s4;s6;s7;s8;s9,G,420.0,540.0,17.90532164408644,0.07799220077992201,520.0,4.092568088687748,10000,0.05,20260934
LOPO_s18,s18,28,s1;s10;s11;s12;s13;s14;s15;s16;s17;s19;s2;s20;s21;s22;s23;s24;s25;s26;s27;s28;s29;s3;s30;s4;s6;s7;s8;s9,A,440.0,580.0,22.654746271617185,0.04459554044595541,580.0,-3.265787886732215,10000,0.05,20260934
LOPO_s18,s18,28,s1;s10;s11;s12;s13;s14;s15;s16;s17;s19;s2;s20;s21;s22;s23;s24;s25;s26;s27;s28;s29;s3;s30;s4;s6;s7;s8;s9,A,660.0,680.0,4.62266401081901,0.5714428557144285,660.0,-2.4475550076899437,10000,0.05,20260934
LOPO_s19,s19,28,s1;s10;s11;s12;s13;s14;s15;s16;s17;s18;s2;s20;s21;s22;s23;s24;s25;s26;s27;s28;s29;s3;s30;s4;s6;s7;s8;s9,G,100.0,100.0,2.7632028812933904,0.6693330666933307,100.0,-2.7632028812933904,10000,0.05,20260935
LOPO_s19,s19,28,s1;s10;s11;s12;s13;s14;s15;s16;s17;s18;s2;s20;s21;s22;s23;s24;s25;s26;s27;s28;s29;s3;s30;s4;s6;s7;s8;s9,G,360.0,360.0,2.841105164243647,0.6634336566343366,360.0,2.841105164243647,10000,0.05,20260935
LOPO_s19,s19,28,s1;s10;s11;s12;s13;s14;s15;s16;s17;s18;s2;s20;s21;s22;s23;s24;s25;s26;s27;s28;s29;s3;s30;s4;s6;s7;s8;s9,G,420.0,580.0,24.98153894285535,0.03799620037996201,520.0,4.707975635527727,10000,0.05,20260935
LOPO_s19,s19,28,s1;s10;s11;s12;s13;s14;s15;s16;s17;s18;s2;s20;s21;s22;s23;s24;s25;s26;s27;s28;s29;s3;s30;s4;s6;s7;s8;s9,A,440.0,580.0,24.814778443572315,0.038696130386961305,580.0,-3.491648423877636,10000,0.05,20260935
LOPO_s19,s19,28,s1;s10;s11;s12;s13;s14;s15;s16;s17;s18;s2;s20;s21;s22;s23;s24;s25;s26;s27;s28;s29;s3;s30;s4;s6;s7;s8;s9,A,660.0,680.0,4.625223364954591,0.5648435156484352,660.0,-2.5283445225092507,10000,0.05,20260935
LOPO_s20,s20,28,s1;s10;s11;s12;s13;s14;s15;s16;s17;s18;s19;s2;s21;s22;s23;s24;s25;s26;s27;s28;s29;s3;s30;s4;s6;s7;s8;s9,G,100.0,100.0,2.594085037701067,0.7061293870612939,100.0,-2.594085037701067,10000,0.05,20260936
LOPO_s20,s20,28,s1;s10;s11;s12;s13;s14;s15;s16;s17;s18;s19;s2;s21;s22;s23;s24;s25;s26;s27;s28;s29;s3;s30;s4;s6;s7;s8;s9,G,360.0,360.0,2.2686349724975003,0.8107189281071893,360.0,2.2686349724975003,10000,0.05,20260936
LOPO_s20,s20,28,s1;s10;s11;s12;s13;s14;s15;s16;s17;s18;s19;s2;s21;s22;s23;s24;s25;s26;s27;s28;s29;s3;s30;s4;s6;s7;s8;s9,G,420.0,580.0,22.571011145205322,0.0456954304569543,520.0,4.075069302475783,10000,0.05,20260936
LOPO_s20,s20,28,s1;s10;s11;s12;s13;s14;s15;s16;s17;s18;s19;s2;s21;s22;s23;s24;s25;s26;s27;s28;s29;s3;s30;s4;s6;s7;s8;s9,A,80.0,80.0,2.8699501469800257,0.6735326467353264,80.0,2.8699501469800257,10000,0.05,20260936
LOPO_s20,s20,28,s1;s10;s11;s12;s13;s14;s15;s16;s17;s18;s19;s2;s21;s22;s23;s24;s25;s26;s27;s28;s29;s3;s30;s4;s6;s7;s8;s9,A,440.0,580.0,21.251188270129255,0.05349465053494651,560.0,-2.9897278710420854,10000,0.05,20260936
LOPO_s20,s20,28,s1;s10;s11;s12;s13;s14;s15;s16;s17;s18;s19;s2;s21;s22;s23;s24;s25;s26;s27;s28;s29;s3;s30;s4;s6;s7;s8;s9,A,660.0,660.0,2.084437688027343,0.8973102689731027,660.0,-2.084437688027343,10000,0.05,20260936
LOPO_s21,s21,28,s1;s10;s11;s12;s13;s14;s15;s16;s17;s18;s19;s2;s20;s22;s23;s24;s25;s26;s27;s28;s29;s3;s30;s4;s6;s7;s8;s9,G,100.0,100.0,2.7513184339194128,0.6801319868013199,100.0,-2.7513184339194128,10000,0.05,20260937
LOPO_s21,s21,28,s1;s10;s11;s12;s13;s14;s15;s16;s17;s18;s19;s2;s20;s22;s23;s24;s25;s26;s27;s28;s29;s3;s30;s4;s6;s7;s8;s9,G,360.0,360.0,2.3607260589224732,0.7641235876412359,360.0,2.3607260589224732,10000,0.05,20260937
LOPO_s21,s21,28,s1;s10;s11;s12;s13;s14;s15;s16;s17;s18;s19;s2;s20;s22;s23;s24;s25;s26;s27;s28;s29;s3;s30;s4;s6;s7;s8;s9,G,420.0,580.0,25.035333637309385,0.0367963203679632,520.0,4.354797378908664,10000,0.05,20260937
LOPO_s21,s21,28,s1;s10;s11;s12;s13;s14;s15;s16;s17;s18;s19;s2;s20;s22;s23;s24;s25;s26;s27;s28;s29;s3;s30;s4;s6;s7;s8;s9,A,440.0,580.0,21.59666716187899,0.053094690530946904,580.0,-3.1145945809783413,10000,0.05,20260937
LOPO_s21,s21,28,s1;s10;s11;s12;s13;s14;s15;s16;s17;s18;s19;s2;s20;s22;s23;s24;s25;s26;s27;s28;s29;s3;s30;s4;s6;s7;s8;s9,A,660.0,680.0,4.4894035770537775,0.5995400459954005,660.0,-2.3646786460959635,10000,0.05,20260937
LOPO_s21,s21,28,s1;s10;s11;s12;s13;s14;s15;s16;s17;s18;s19;s2;s20;s22;s23;s24;s25;s26;s27;s28;s29;s3;s30;s4;s6;s7;s8;s9,A,900.0,900.0,2.1929709826475907,0.8343165683431657,900.0,-2.1929709826475907,10000,0.05,20260937
LOPO_s22,s22,28,s1;s10;s11;s12;s13;s14;s15;s16;s17;s18;s19;s2;s20;s21;s23;s24;s25;s26;s27;s28;s29;s3;s30;s4;s6;s7;s8;s9,G,100.0,100.0,2.7574342327636927,0.6682331766823317,100.0,-2.7574342327636927,10000,0.05,20260938
LOPO_s22,s22,28,s1;s10;s11;s12;s13;s14;s15;s16;s17;s18;s19;s2;s20;s21;s23;s24;s25;s26;s27;s28;s29;s3;s30;s4;s6;s7;s8;s9,G,220.0,220.0,2.291287446264237,0.7782221777822218,220.0,-2.291287446264237,10000,0.05,20260938
LOPO_s22,s22,28,s1;s10;s11;s12;s13;s14;s15;s16;s17;s18;s19;s2;s20;s21;s23;s24;s25;s26;s27;s28;s29;s3;s30;s4;s6;s7;s8;s9,G,360.0,360.0,2.1908277828348197,0.8241175882411759,360.0,2.1908277828348197,10000,0.05,20260938
LOPO_s22,s22,28,s1;s10;s11;s12;s13;s14;s15;s16;s17;s18;s19;s2;s20;s21;s23;s24;s25;s26;s27;s28;s29;s3;s30;s4;s6;s7;s8;s9,G,420.0,560.0,20.57478053767315,0.0643935606439356,520.0,4.101073769110683,10000,0.05,20260938
LOPO_s22,s22,28,s1;s10;s11;s12;s13;s14;s15;s16;s17;s18;s19;s2;s20;s21;s23;s24;s25;s26;s27;s28;s29;s3;s30;s4;s6;s7;s8;s9,A,440.0,580.0,21.51792267197584,0.058194180581941805,580.0,-3.0851227490768243,10000,0.05,20260938
LOPO_s22,s22,28,s1;s10;s11;s12;s13;s14;s15;s16;s17;s18;s19;s2;s20;s21;s23;s24;s25;s26;s27;s28;s29;s3;s30;s4;s6;s7;s8;s9,A,660.0,660.0,2.2579384368053645,0.7938206179382061,660.0,-2.2579384368053645,10000,0.05,20260938
LOPO_s23,s23,28,s1;s10;s11;s12;s13;s14;s15;s16;s17;s18;s19;s2;s20;s21;s22;s24;s25;s26;s27;s28;s29;s3;s30;s4;s6;s7;s8;s9,G,100.0,100.0,2.731745854526056,0.6718328167183282,100.0,-2.731745854526056,10000,0.05,20260939
LOPO_s23,s23,28,s1;s10;s11;s12;s13;s14;s15;s16;s17;s18;s19;s2;s20;s21;s22;s24;s25;s26;s27;s28;s29;s3;s30;s4;s6;s7;s8;s9,G,220.0,220.0,2.16160054157589,0.8391160883911609,220.0,-2.16160054157589,10000,0.05,20260939
LOPO_s23,s23,28,s1;s10;s11;s12;s13;s14;s15;s16;s17;s18;s19;s2;s20;s21;s22;s24;s25;s26;s27;s28;s29;s3;s30;s4;s6;s7;s8;s9,G,360.0,360.0,2.266643681967554,0.788021197880212,360.0,2.266643681967554,10000,0.05,20260939
LOPO_s23,s23,28,s1;s10;s11;s12;s13;s14;s15;s16;s17;s18;s19;s2;s20;s21;s22;s24;s25;s26;s27;s28;s29;s3;s30;s4;s6;s7;s8;s9,G,420.0,580.0,22.783275499405896,0.0486951304869513,520.0,4.073006477650235,10000,0.05,20260939
LOPO_s23,s23,28,s1;s10;s11;s12;s13;s14;s15;s16;s17;s18;s19;s2;s20;s21;s22;s24;s25;s26;s27;s28;s29;s3;s30;s4;s6;s7;s8;s9,A,440.0,580.0,22.00556735748257,0.05269473052694731,580.0,-3.166762084688981,10000,0.05,20260939
LOPO_s23,s23,28,s1;s10;s11;s12;s13;s14;s15;s16;s17;s18;s19;s2;s20;s21;s22;s24;s25;s26;s27;s28;s29;s3;s30;s4;s6;s7;s8;s9,A,660.0,680.0,4.9067806211587985,0.5035496450354965,660.0,-2.5354791508157066,10000,0.05,20260939
LOPO_s24,s24,28,s1;s10;s11;s12;s13;s14;s15;s16;s17;s18;s19;s2;s20;s21;s22;s23;s25;s26;s27;s28;s29;s3;s30;s4;s6;s7;s8;s9,G,100.0,100.0,2.546962174196825,0.7143285671432856,100.0,-2.546962174196825,10000,0.05,20260940
LOPO_s24,s24,28,s1;s10;s11;s12;s13;s14;s15;s16;s17;s18;s19;s2;s20;s21;s22;s23;s25;s26;s27;s28;s29;s3;s30;s4;s6;s7;s8;s9,G,220.0,220.0,2.1166292724100386,0.8693130686931307,220.0,-2.1166292724100386,10000,0.05,20260940
LOPO_s24,s24,28,s1;s10;s11;s12;s13;s14;s15;s16;s17;s18;s19;s2;s20;s21;s22;s23;s25;s26;s27;s28;s29;s3;s30;s4;s6;s7;s8;s9,G,360.0,360.0,2.5274145374980614,0.7176282371762823,360.0,2.5274145374980614,10000,0.05,20260940
LOPO_s24,s24,28,s1;s10;s11;s12;s13;s14;s15;s16;s17;s18;s19;s2;s20;s21;s22;s23;s25;s26;s27;s28;s29;s3;s30;s4;s6;s7;s8;s9,G,420.0,580.0,24.704952126205267,0.0415958404159584,520.0,4.6121727721748424,10000,0.05,20260940
LOPO_s24,s24,28,s1;s10;s11;s12;s13;s14;s15;s16;s17;s18;s19;s2;s20;s21;s22;s23;s25;s26;s27;s28;s29;s3;s30;s4;s6;s7;s8;s9,A,440.0,580.0,21.44821092944849,0.057694230576942306,580.0,-2.9580669830249278,10000,0.05,20260940
LOPO_s24,s24,28,s1;s10;s11;s12;s13;s14;s15;s16;s17;s18;s19;s2;s20;s21;s22;s23;s25;s26;s27;s28;s29;s3;s30;s4;s6;s7;s8;s9,A,660.0,660.0,2.2887343529057365,0.7893210678932107,660.0,-2.2887343529057365,10000,0.05,20260940
LOPO_s25,s25,28,s1;s10;s11;s12;s13;s14;s15;s16;s17;s18;s19;s2;s20;s21;s22;s23;s24;s26;s27;s28;s29;s3;s30;s4;s6;s7;s8;s9,G,100.0,100.0,2.707165467111763,0.6775322467753224,100.0,-2.707165467111763,10000,0.05,20260941
LOPO_s25,s25,28,s1;s10;s11;s12;s13;s14;s15;s16;s17;s18;s19;s2;s20;s21;s22;s23;s24;s26;s27;s28;s29;s3;s30;s4;s6;s7;s8;s9,G,220.0,220.0,2.0616752930316324,0.893010698930107,220.0,-2.0616752930316324,10000,0.05,20260941
LOPO_s25,s25,28,s1;s10;s11;s12;s13;s14;s15;s16;s17;s18;s19;s2;s20;s21;s22;s23;s24;s26;s27;s28;s29;s3;s30;s4;s6;s7;s8;s9,G,360.0,360.0,2.3025154405779458,0.781021897810219,360.0,2.3025154405779458,10000,0.05,20260941
LOPO_s25,s25,28,s1;s10;s11;s12;s13;s14;s15;s16;s17;s18;s19;s2;s20;s21;s22;s23;s24;s26;s27;s28;s29;s3;s30;s4;s6;s7;s8;s9,G,420.0,580.0,23.865862580009363,0.0486951304869513,520.0,4.155951673792832,10000,0.05,20260941
LOPO_s25,s25,28,s1;s10;s11;s12;s13;s14;s15;s16;s17;s18;s19;s2;s20;s21;s22;s23;s24;s26;s27;s28;s29;s3;s30;s4;s6;s7;s8;s9,A,80.0,80.0,2.3177192311035024,0.7748225177482252,80.0,2.3177192311035024,10000,0.05,20260941
LOPO_s25,s25,28,s1;s10;s11;s12;s13;s14;s15;s16;s17;s18;s19;s2;s20;s21;s22;s23;s24;s26;s27;s28;s29;s3;s30;s4;s6;s7;s8;s9,A,440.0,580.0,23.189314006852932,0.051594840515948405,560.0,-3.2892986960796877,10000,0.05,20260941
LOPO_s25,s25,28,s1;s10;s11;s12;s13;s14;s15;s16;s17;s18;s19;s2;s20;s21;s22;s23;s24;s26;s27;s28;s29;s3;s30;s4;s6;s7;s8;s9,A,660.0,680.0,4.752361914914387,0.5415458454154585,660.0,-2.5874686195252843,10000,0.05,20260941
LOPO_s25,s25,28,s1;s10;s11;s12;s13;s14;s15;s16;s17;s18;s19;s2;s20;s21;s22;s23;s24;s26;s27;s28;s29;s3;s30;s4;s6;s7;s8;s9,A,980.0,980.0,2.07345950884149,0.8878112188781122,980.0,-2.07345950884149,10000,0.05,20260941
LOPO_s26,s26,28,s1;s10;s11;s12;s13;s14;s15;s16;s17;s18;s19;s2;s20;s21;s22;s23;s24;s25;s27;s28;s29;s3;s30;s4;s6;s7;s8;s9,G,100.0,100.0,2.5820116760221703,0.6917308269173083,100.0,-2.5820116760221703,10000,0.05,20260942
LOPO_s26,s26,28,s1;s10;s11;s12;s13;s14;s15;s16;s17;s18;s19;s2;s20;s21;s22;s23;s24;s25;s27;s28;s29;s3;s30;s4;s6;s7;s8;s9,G,360.0,360.0,2.4247114761732917,0.728027197280272,360.0,2.4247114761732917,10000,0.05,20260942
LOPO_s26,s26,28,s1;s10;s11;s12;s13;s14;s15;s16;s17;s18;s19;s2;s20;s21;s22;s23;s24;s25;s27;s28;s29;s3;s30;s4;s6;s7;s8;s9,G,420.0,540.0,18.309143199943872,0.0800919908009199,520.0,4.108426128725024,10000,0.05,20260942
LOPO_s26,s26,28,s1;s10;s11;s12;s13;s14;s15;s16;s17;s18;s19;s2;s20;s21;s22;s23;s24;s25;s27;s28;s29;s3;s30;s4;s6;s7;s8;s9,A,80.0,80.0,2.0708140512291444,0.8842115788421158,80.0,2.0708140512291444,10000,0.05,20260942
LOPO_s26,s26,28,s1;s10;s11;s12;s13;s14;s15;s16;s17;s18;s19;s2;s20;s21;s22;s23;s24;s25;s27;s28;s29;s3;s30;s4;s6;s7;s8;s9,A,380.0,380.0,2.126826066489977,0.8561143885611439,380.0,-2.126826066489977,10000,0.05,20260942
LOPO_s26,s26,28,s1;s10;s11;s12;s13;s14;s15;s16;s17;s18;s19;s2;s20;s21;s22;s23;s24;s25;s27;s28;s29;s3;s30;s4;s6;s7;s8;s9,A,420.0,580.0,27.031264184379488,0.029697030296970302,580.0,-3.430948336862478,10000,0.05,20260942
LOPO_s26,s26,28,s1;s10;s11;s12;s13;s14;s15;s16;s17;s18;s19;s2;s20;s21;s22;s23;s24;s25;s27;s28;s29;s3;s30;s4;s6;s7;s8;s9,A,660.0,660.0,2.480056671189693,0.7141285871412859,660.0,-2.480056671189693,10000,0.05,20260942
LOPO_s27,s27,28,s1;s10;s11;s12;s13;s14;s15;s16;s17;s18;s19;s2;s20;s21;s22;s23;s24;s25;s26;s28;s29;s3;s30;s4;s6;s7;s8;s9,G,100.0,100.0,2.6997073125571154,0.6775322467753224,100.0,-2.6997073125571154,10000,0.05,20260943
LOPO_s27,s27,28,s1;s10;s11;s12;s13;s14;s15;s16;s17;s18;s19;s2;s20;s21;s22;s23;s24;s25;s26;s28;s29;s3;s30;s4;s6;s7;s8;s9,G,220.0,220.0,2.083473334076696,0.8814118588141185,220.0,-2.083473334076696,10000,0.05,20260943
LOPO_s27,s27,28,s1;s10;s11;s12;s13;s14;s15;s16;s17;s18;s19;s2;s20;s21;s22;s23;s24;s25;s26;s28;s29;s3;s30;s4;s6;s7;s8;s9,G,360.0,360.0,2.6109490995119455,0.6906309369063094,360.0,2.6109490995119455,10000,0.05,20260943
LOPO_s27,s27,28,s1;s10;s11;s12;s13;s14;s15;s16;s17;s18;s19;s2;s20;s21;s22;s23;s24;s25;s26;s28;s29;s3;s30;s4;s6;s7;s8;s9,G,420.0,580.0,24.440296654193297,0.042195780421957804,520.0,4.310337782789832,10000,0.05,20260943
LOPO_s27,s27,28,s1;s10;s11;s12;s13;s14;s15;s16;s17;s18;s19;s2;s20;s21;s22;s23;s24;s25;s26;s28;s29;s3;s30;s4;s6;s7;s8;s9,A,440.0,580.0,23.074262663144285,0.0481951804819518,560.0,-3.2783747493168764,10000,0.05,20260943
LOPO_s27,s27,28,s1;s10;s11;s12;s13;s14;s15;s16;s17;s18;s19;s2;s20;s21;s22;s23;s24;s25;s26;s28;s29;s3;s30;s4;s6;s7;s8;s9,A,660.0,680.0,4.3737572570894105,0.6214378562143785,660.0,-2.302239605391549,10000,0.05,20260943
LOPO_s27,s27,28,s1;s10;s11;s12;s13;s14;s15;s16;s17;s18;s19;s2;s20;s21;s22;s23;s24;s25;s26;s28;s29;s3;s30;s4;s6;s7;s8;s9,A,900.0,900.0,2.0792607796121727,0.8836116388361164,900.0,-2.0792607796121727,10000,0.05,20260943
LOPO_s28,s28,28,s1;s10;s11;s12;s13;s14;s15;s16;s17;s18;s19;s2;s20;s21;s22;s23;s24;s25;s26;s27;s29;s3;s30;s4;s6;s7;s8;s9,G,100.0,100.0,2.5783431449164107,0.7062293770622937,100.0,-2.5783431449164107,10000,0.05,20260944
LOPO_s28,s28,28,s1;s10;s11;s12;s13;s14;s15;s16;s17;s18;s19;s2;s20;s21;s22;s23;s24;s25;s26;s27;s29;s3;s30;s4;s6;s7;s8;s9,G,220.0,220.0,2.0828057038670886,0.8939106089391061,220.0,-2.0828057038670886,10000,0.05,20260944
LOPO_s28,s28,28,s1;s10;s11;s12;s13;s14;s15;s16;s17;s18;s19;s2;s20;s21;s22;s23;s24;s25;s26;s27;s29;s3;s30;s4;s6;s7;s8;s9,G,360.0,360.0,2.3275663041708547,0.7807219278072193,360.0,2.3275663041708547,10000,0.05,20260944
LOPO_s28,s28,28,s1;s10;s11;s12;s13;s14;s15;s16;s17;s18;s19;s2;s20;s21;s22;s23;s24;s25;s26;s27;s29;s3;s30;s4;s6;s7;s8;s9,G,420.0,580.0,24.326832833907595,0.0415958404159584,520.0,4.624308737017737,10000,0.05,20260944
LOPO_s28,s28,28,s1;s10;s11;s12;s13;s14;s15;s16;s17;s18;s19;s2;s20;s21;s22;s23;s24;s25;s26;s27;s29;s3;s30;s4;s6;s7;s8;s9,A,440.0,580.0,21.481715843790553,0.057194280571942806,580.0,-3.015495213427953,10000,0.05,20260944
LOPO_s28,s28,28,s1;s10;s11;s12;s13;s14;s15;s16;s17;s18;s19;s2;s20;s21;s22;s23;s24;s25;s26;s27;s29;s3;s30;s4;s6;s7;s8;s9,A,660.0,660.0,2.152584087806337,0.8612138786121388,660.0,-2.152584087806337,10000,0.05,20260944
LOPO_s29,s29,28,s1;s10;s11;s12;s13;s14;s15;s16;s17;s18;s19;s2;s20;s21;s22;s23;s24;s25;s26;s27;s28;s3;s30;s4;s6;s7;s8;s9,G,100.0,100.0,2.499584434339671,0.7288271172882712,100.0,-2.499584434339671,10000,0.05,20260945
LOPO_s29,s29,28,s1;s10;s11;s12;s13;s14;s15;s16;s17;s18;s19;s2;s20;s21;s22;s23;s24;s25;s26;s27;s28;s3;s30;s4;s6;s7;s8;s9,G,220.0,220.0,2.4791053036408974,0.7338266173382662,220.0,-2.4791053036408974,10000,0.05,20260945
LOPO_s29,s29,28,s1;s10;s11;s12;s13;s14;s15;s16;s17;s18;s19;s2;s20;s21;s22;s23;s24;s25;s26;s27;s28;s3;s30;s4;s6;s7;s8;s9,G,360.0,360.0,2.0846954023277937,0.8965103489651035,360.0,2.0846954023277937,10000,0.05,20260945
LOPO_s29,s29,28,s1;s10;s11;s12;s13;s14;s15;s16;s17;s18;s19;s2;s20;s21;s22;s23;s24;s25;s26;s27;s28;s3;s30;s4;s6;s7;s8;s9,G,440.0,540.0,15.797835891450147,0.0964903509649035,520.0,4.072798568289366,10000,0.05,20260945
LOPO_s29,s29,28,s1;s10;s11;s12;s13;s14;s15;s16;s17;s18;s19;s2;s20;s21;s22;s23;s24;s25;s26;s27;s28;s3;s30;s4;s6;s7;s8;s9,A,80.0,80.0,2.111626293999167,0.883011698830117,80.0,2.111626293999167,10000,0.05,20260945
LOPO_s29,s29,28,s1;s10;s11;s12;s13;s14;s15;s16;s17;s18;s19;s2;s20;s21;s22;s23;s24;s25;s26;s27;s28;s3;s30;s4;s6;s7;s8;s9,A,440.0,580.0,21.38139040865547,0.051294870512948704,580.0,-2.9540660266205108,10000,0.05,20260945
LOPO_s29,s29,28,s1;s10;s11;s12;s13;s14;s15;s16;s17;s18;s19;s2;s20;s21;s22;s23;s24;s25;s26;s27;s28;s3;s30;s4;s6;s7;s8;s9,A,660.0,660.0,2.088736574191886,0.8941105889411058,660.0,-2.088736574191886,10000,0.05,20260945
LOPO_s30,s30,28,s1;s10;s11;s12;s13;s14;s15;s16;s17;s18;s19;s2;s20;s21;s22;s23;s24;s25;s26;s27;s28;s29;s3;s4;s6;s7;s8;s9,G,40.0,40.0,2.0713273690517653,0.8852114788521148,40.0,-2.0713273690517653,10000,0.05,20260946
LOPO_s30,s30,28,s1;s10;s11;s12;s13;s14;s15;s16;s17;s18;s19;s2;s20;s21;s22;s23;s24;s25;s26;s27;s28;s29;s3;s4;s6;s7;s8;s9,G,100.0,100.0,2.965713195025373,0.6546345365463454,100.0,-2.965713195025373,10000,0.05,20260946
LOPO_s30,s30,28,s1;s10;s11;s12;s13;s14;s15;s16;s17;s18;s19;s2;s20;s21;s22;s23;s24;s25;s26;s27;s28;s29;s3;s4;s6;s7;s8;s9,G,360.0,360.0,2.1593647895974963,0.8421157884211579,360.0,2.1593647895974963,10000,0.05,20260946
LOPO_s30,s30,28,s1;s10;s11;s12;s13;s14;s15;s16;s17;s18;s19;s2;s20;s21;s22;s23;s24;s25;s26;s27;s28;s29;s3;s4;s6;s7;s8;s9,G,420.0,540.0,18.913576386503067,0.0796920307969203,520.0,4.2234439975503095,10000,0.05,20260946
LOPO_s30,s30,28,s1;s10;s11;s12;s13;s14;s15;s16;s17;s18;s19;s2;s20;s21;s22;s23;s24;s25;s26;s27;s28;s29;s3;s4;s6;s7;s8;s9,A,80.0,80.0,2.3160163490231156,0.7673232676732327,80.0,2.3160163490231156,10000,0.05,20260946
LOPO_s30,s30,28,s1;s10;s11;s12;s13;s14;s15;s16;s17;s18;s19;s2;s20;s21;s22;s23;s24;s25;s26;s27;s28;s29;s3;s4;s6;s7;s8;s9,A,440.0,580.0,21.224509049827212,0.06259374062593741,580.0,-3.0708849227064583,10000,0.05,20260946
LOPO_s30,s30,28,s1;s10;s11;s12;s13;s14;s15;s16;s17;s18;s19;s2;s20;s21;s22;s23;s24;s25;s26;s27;s28;s29;s3;s4;s6;s7;s8;s9,A,660.0,660.0,2.1098758441534744,0.8667133286671332,660.0,-2.1098758441534744,10000,0.05,20260946
