identity,picture_filename,cond_id,fslim,eye,mouth,skin,g_total,g_eye,g_mouth,g_contour,eye_ratio_change,mouth_ratio_change,face_ratio_change,G_new_raw,G_new,G_raw,G,difference_z,mean_z
F_1,F_1_ (10).jpg,10,0,1,0,0,0.007362515998543041,0.0036101083032490976,0.015736097269099907,0.004998394297732564,0.013333333333333197,0.05786090005844535,0.00520833333333337,0.5563147538156699,-0.9484062565356328,0.7934251490402103,-0.318703660026538,-0.6297025965090948,-0.6335549582810854
F_1,F_1_ (11).jpg,11,0,1,0,1,0.009059541349531729,0.005105464124090596,0.01654359456662758,0.007368890100910545,0.03543859649122805,0.05786090005844535,0.010015502610966065,0.7770119847946805,-0.25857949681665,1.0521235473981223,0.6971245888476627,-0.9557040856643126,0.21927254601550636
F_1,F_1_ (12).jpg,12,1,1,0,0,0.017799657173342545,0.006252891002053708,0.03269092107630837,0.018272927278519233,0.0749122807017546,0.1694915254237288,0.014729166666666682,1.4855394261219155,1.9560436176402407,1.1250570717454116,0.983511883056686,0.9725317345835547,1.4697777503484635
F_1,F_1_ (13).jpg,13,1,1,0,1,0.0175349136968228,0.009551448776406464,0.031264455010268546,0.016817968996508774,0.040000000000000036,0.1268264172998248,0.009395833333333381,1.283247065151336,1.3237444117770312,1.2923990424244802,1.6406118191872998,-0.31686740741026864,1.4821781154821654
F_1,F_1_ (14).jpg,14,0,1,1,0,0.0052429451250873005,0.005105464124090596,0.008842923259145046,0.0019179289930229663,0.06342342342342322,0.09731151373465785,0.0026041666666666297,0.5648498256982021,-0.9217284366346856,0.6316634726164291,-0.953891514066451,0.032163077431765386,-0.9378099753505683
F_1,F_1_ (15).jpg,15,0,1,1,1,0.004637437844112014,0.0036101083032490976,0.008842923259145046,0.002486611510804817,0.013333333333333197,0.09731151373465785,0.00042613636363630913,0.4061579448952185,-1.417746920611244,0.99303817408842,0.465114682005354,-1.882861602616598,-0.47631611930294504
F_1,F_1_ (16).jpg,16,1,1,1,0,0.01212854768737696,0.006252891002053708,0.018758673006161127,0.0172497357392393,0.013333333333333197,0.011104617182934096,0.012062499999999976,0.8938460420165448,0.10660523504727593,1.0796276945816854,0.8051248310122947,-0.6985195959650188,0.4558650330297853
F_1,F_1_ (17).jpg,17,1,1,1,1,0.011786461777098375,0.006252891002053708,0.018408012684450487,0.01737947929779871,0.013333333333333197,0.028345996493278847,0.009395833333333381,0.8589666893668575,-0.0024161183820193654,1.0304905643892075,0.6121785845918951,-0.6145947029739145,0.30488123310493787
F_1,F_1_ (2).jpg,2,0,0,0,0,0.008270792902318193,0.0036101083032490976,0.016932908880228987,0.0036972311666496407,0.04859649122807008,0.10169491525423746,0.002182604438642266,0.6244730899279035,-0.7353657759660734,0.6784389309658619,-0.7702188193493628,0.03485304338328932,-0.7527922976577182
F_1,F_1_ (3).jpg,3,0,0,0,1,0.005794226220773976,0.0,0.016144895144402815,0.0034219014354439923,0.0,0.10169491525423746,0.002182604438642266,0.4347608508759738,-1.3283436695431432,0.8025467461953829,-0.2828859815102015,-1.0454576880329416,-0.8056148255266724
F_1,F_1_ (4).jpg,4,1,0,0,0,0.01888196487099196,0.009551448776406464,0.03167857179563943,0.018981446539650157,0.0749122807017546,0.1268264172998248,0.012062499999999976,1.4397196472816833,1.8128261000112869,1.430891382485266,2.1844282176630254,-0.37160211765173856,1.9986271588371562
F_1,F_1_ (5).jpg,5,1,0,0,1,0.01775511840208441,0.007220216606498195,0.03308718913325516,0.018207285864476872,0.02666666666666684,0.1694915254237288,0.009395833333333381,1.314329387792281,1.420897501631531,1.0970879682076993,0.8736859017222851,0.547211599909246,1.1472917016769082
F_1,F_1_ (6).jpg,6,0,0,1,0,0.0065212322606476355,0.006252891002053708,0.008842923259145046,0.002916667209190377,0.013333333333333197,0.09731151373465785,0.002171266233766289,0.5239510346875652,-1.049564569213869,0.8073303543182442,-0.2641022383807847,-0.7854623308330844,-0.6568334037973269
F_1,F_1_ (7).jpg,7,0,0,1,1,0.005346434262737785,0.005105464124090596,0.008842923259145046,0.0023318855436249065,0.0,0.09731151373465785,0.002182604438642266,0.45898524448508393,-1.2526262041476715,1.154516795854731,1.099191068332833,-2.3518172724805044,-0.07671756790741924
F_1,F_1_ (8).jpg,8,1,0,1,0,0.011996682707143373,0.007220216606498195,0.01398188933648887,0.01956440827908823,0.02666666666666684,0.011104617182934096,0.00898228609625673,0.857416309495646,-0.007262094555563216,0.7632546054823991,-0.4371740124695871,0.4299119179140239,-0.22221805351257515
F_1,F_1_ (9).jpg,9,1,0,1,1,0.01125493773650574,0.007220216606498195,0.013507788399905926,0.01918628181552825,0.02666666666666684,0.028345996493278847,0.00630848930481287,0.8110754252227348,-0.1521084159103378,0.8049484574271101,-0.2734552075652793,0.1213467916549415,-0.21278181173780855
F_2,F_2_ (10).jpg,10,0,1,0,0,0.008097958036258377,0.0035087719298245615,0.019536015308175513,0.003269673652405792,0.012048192771084487,0.1166666666666667,0.002624671916010457,0.6088613177773841,-0.7841630270611183,0.5653206181414617,-1.2143992949974451,0.43023626793632685,-0.9992811610292818
F_2,F_2_ (11).jpg,11,0,1,0,1,0.007109672718633151,0.0,0.01569170510526168,0.004152284917400126,0.0,0.10000000000000009,0.004919542125297216,0.5113962733628948,-1.0888066126469662,0.8002217193584672,-0.2920156396577637,-0.7967909729892024,-0.690411126152365
F_2,F_2_ (12).jpg,12,1,1,0,0,0.016857054725792752,0.0085947008518708,0.0303868562731382,0.014857246528311429,0.076592082616179,0.12655367231638426,0.0019317585301837914,1.1274573295122137,0.8367970764766015,1.202634152935332,1.2881329825228718,-0.4513359060462703,1.0624650294997366
F_2,F_2_ (13).jpg,13,1,1,0,1,0.0170768050123015,0.0085947008518708,0.0303868562731382,0.015736247674346414,0.076592082616179,0.12655367231638426,0.002772441648547286,1.1576299816451976,0.9311068363258489,0.9357599525435653,0.2402008987741227,0.6909059375517261,0.5856538675499858
F_2,F_2_ (14).jpg,14,0,1,1,0,0.007264613478775152,0.0035087719298245615,0.015294382258037453,0.003237755867589469,0.012048192771084487,0.17356321839080469,0.002624671916010457,0.6581815636008065,-0.6300042040709427,0.6685999785945466,-0.8088533289619124,0.1788491248909697,-0.7194287665164276
F_2,F_2_ (15).jpg,15,0,1,1,1,0.008818632510201574,0.0049621528504319124,0.015294382258037453,0.006423294080466127,0.08478357875948239,0.08333333333333348,0.010155144219538004,0.8753533418182674,0.04880315298379259,0.7172660434797088,-0.6177568096726944,0.666559962656487,-0.2844768283444509
F_2,F_2_ (16).jpg,16,1,1,1,0,0.010418841910875717,0.0085947008518708,0.011637279966159297,0.016481233975040855,0.02409638554216853,0.07011494252873574,9.147650109420091e-05,0.7148775197160979,-0.45279134316331887,0.9528841598848404,0.3074423415788043,-0.7602336847421232,-0.07267450079225729
F_2,F_2_ (17).jpg,17,1,1,1,1,0.010693829416618788,0.0085947008518708,0.011637279966159297,0.016465965593817414,0.02409638554216853,0.10459770114942524,0.002772441648547286,0.8304566770896872,-0.09152901436837292,0.975841749733066,0.3975896654197136,-0.4891186797880865,0.15303032552567034
F_2,F_2_ (2).jpg,2,0,0,0,0,0.007207313637238256,0.007017543859649123,0.013589415249850585,0.003260142589021407,0.08478357875948239,0.08333333333333304,0.0,0.6326997909707012,-0.7096518216117046,0.7223009564543453,-0.597986270455119,-0.11166555115658561,-0.6538190460334118
F_2,F_2_ (3).jpg,3,0,0,0,1,0.00798508414527809,0.006077371254627639,0.016079212964757332,0.004821599511295478,0.041874816338524745,0.13989071038251355,0.010155144219538004,0.8965253630639516,0.11497990902112044,0.7465504861672968,-0.5027659000906691,0.6177458091117896,-0.19389299553477435
F_2,F_2_ (4).jpg,4,1,0,0,0,0.017309806154165372,0.00784585255263084,0.031186647078300312,0.015739687702861355,0.0174845724360857,0.18333333333333313,0.0022597442699342496,1.135483004854626,0.8618826907883615,1.2789994977075525,1.587995969487773,-0.7261132786994114,1.2249393301380673
F_2,F_2_ (5).jpg,5,1,0,0,1,0.017904233991750337,0.011637279966159297,0.03253901226489721,0.01691432794647116,0.006905671466353347,0.1435028248587571,0.0049335410613779995,1.2172820553097579,1.1175595457866903,1.1030175223324687,0.8969694188271569,0.2205901269595334,1.0072644823069234
F_2,F_2_ (6).jpg,6,0,0,1,0,0.00870043923844241,0.007017543859649123,0.013128622409733127,0.004129274894913708,0.08478357875948239,0.12768361581920917,0.007874015748031482,0.8962893462314845,0.11424219823944144,0.6476992974350325,-0.8909238113356499,1.0051660095750914,-0.3883408065481042
F_2,F_2_ (7).jpg,7,0,0,1,1,0.008173090681121683,0.006077371254627639,0.011637279966159297,0.006383010651828993,0.041874816338524745,0.02404371584699483,0.01049868766404205,0.7058821667354706,-0.48090784997959524,0.7768053000671397,-0.3839646441920076,-0.09694320578758764,-0.4324362470858014
F_2,F_2_ (8).jpg,8,1,0,1,0,0.010153046677046081,0.006077371254627639,0.009283337933559968,0.018233933660347597,0.012048192771084487,0.009039548022598876,0.005270453793811969,0.6570907538923159,-0.6334137154786761,1.0986776878369142,0.8799282368793515,-1.5133419523580276,0.12325726070033771
F_2,F_2_ (9).jpg,9,1,0,1,1,0.010317176642331635,0.006077371254627639,0.011095711088310103,0.018018252971761156,0.012048192771084487,0.025988700564971712,0.0076073378528218605,0.7469824036803024,-0.35244206384550353,1.105677645901742,0.907414897749006,-1.2598569615945094,0.27748641695175125
M_1,M_1_ (10).jpg,10,0,1,0,0,0.00860158917140955,0.005412658773652742,0.01795175827043134,0.0027739667944772658,0.10975609756097571,0.11780538302277455,0.006085842408712461,0.869974885384764,0.03199187194798183,0.4809012855119834,-1.5458877904054753,1.5778796623534572,-0.7569479592287467
M_1,M_1_ (11).jpg,11,0,1,0,1,0.00778875788276225,0.00625,0.013258252147247764,0.0039921239376038056,0.09756097560975618,0.10351966873706031,0.004154682007031063,0.7718088521333532,-0.2748427735611271,0.7150101841842733,-0.6266148683709102,0.3517720948097831,-0.45072882096601863
M_1,M_1_ (12).jpg,12,1,1,0,0,0.017551307896443307,0.009375,0.03351189154613628,0.02033062760995011,0.13414634146341475,0.06727233398226273,0.012123197903014415,1.449764297901736,1.844222365197773,1.2958730197532795,1.6542530490091425,0.18996931618863044,1.7492377071034577
M_1,M_1_ (13).jpg,13,1,1,0,1,0.01904485209339531,0.010825317547305483,0.0350780380010057,0.020393935137243864,0.2142857142857144,0.09931798806479142,0.012123197903014415,1.6898957635756324,2.594794133305494,1.2146260928781945,1.3352216055297643,1.2595725277757297,1.9650078694176292
M_1,M_1_ (14).jpg,14,0,1,1,0,0.006754669463286095,0.0,0.013621559198564606,0.004558283889747925,0.0,0.0724637681159419,0.004136175628380534,0.4356535640039067,-1.32555334271544,0.7410873742959151,-0.5242178433610393,-0.8013354993544007,-0.9248855930382396
M_1,M_1_ (15).jpg,15,0,1,1,1,0.006540272777926841,0.003125,0.010364452469860624,0.0038328038770148965,0.012500000000000178,0.09185848252344408,0.0022321428571427937,0.4741403096668916,-1.205256468418225,0.4899036886341626,-1.5105381498305428,0.3052816814123178,-1.3578973091243838
M_1,M_1_ (16).jpg,16,1,1,1,0,0.013584095050745043,0.009882117688026186,0.01875,0.01945426251495399,0.1807228915662651,0.06705602422669221,0.0032690421706440542,1.1797787313276287,1.0003365233386023,0.9490759190252496,0.2924885627064005,0.7078479606322019,0.6464125430225014
M_1,M_1_ (17).jpg,17,1,1,1,1,0.012262849746147936,0.00625,0.01875,0.020926398984591747,0.12195121951219523,0.06705602422669221,0.007536041939711691,1.1032510419488983,0.7611362046090437,0.8249595527763053,-0.1948778523297674,0.9560140569388111,0.2831291761396382
M_1,M_1_ (2).jpg,2,0,0,0,0,0.006870512302383762,0.0,0.01711632992203644,0.004115719287498607,0.0,0.13209109730848878,0.004154682007031063,0.5532631978467848,-0.9579444141136829,0.4842023134784937,-1.5329256790047487,0.5749812648910658,-1.2454350465592159
M_1,M_1_ (3).jpg,3,0,0,0,1,0.007154494886215073,0.005412658773652742,0.014986973510352247,0.0037989298784393806,0.012500000000000178,0.11780538302277455,0.006085842408712461,0.68429934617026,-0.5483686292111724,0.4686923328268974,-1.593828555038739,1.0454599258275667,-1.0710985921249556
M_1,M_1_ (4).jpg,4,1,0,0,0,0.018235941674935086,0.009375,0.03479852726768763,0.021782527002365864,0.09876543209876543,0.08219770711659136,0.01382488479262678,1.4862055629055764,1.9581257415389592,1.1340700467393054,1.0189030360878202,0.9392227054511391,1.4885143888133898
M_1,M_1_ (5).jpg,5,1,0,0,1,0.018021161144030032,0.009375,0.036309218870694535,0.02098776693177285,0.09876543209876543,0.11402387041773254,0.011822660098522175,1.493936518075854,1.982290157789168,1.0759663422870531,0.7907478379053559,1.1915423198838122,1.3865189978472618
M_1,M_1_ (6).jpg,6,0,0,1,0,0.009011565601706514,0.005412658773652742,0.013258252147247764,0.005272278529027374,0.012500000000000178,0.05797101449275344,0.004464285714285698,0.580389099602215,-0.8731577911488325,0.6175732474380046,-1.0092194513868809,0.13606166023804833,-0.9411886212678566
M_1,M_1_ (7).jpg,7,0,0,1,1,0.006760162514701129,0.005412658773652742,0.009882117688026186,0.004091218150928158,0.012500000000000178,0.05797101449275344,0.004464285714285698,0.5153159921324344,-1.076554864467768,0.4404488424699866,-1.70473196817724,0.6281771037094719,-1.3906434163225039
M_1,M_1_ (8).jpg,8,1,0,1,0,0.01357086486990089,0.009882117688026186,0.01795175827043134,0.021036924747493295,0.14634146341463428,0.01449275362318847,0.002948885976408966,1.0445521080702207,0.5776626957803896,0.9043632855264032,0.1169159403863835,0.4607467553940061,0.3472893180833866
M_1,M_1_ (9).jpg,9,1,0,1,1,0.013002054644232586,0.005412658773652742,0.02096313728906053,0.020219763740564334,0.07407407407407396,0.0036231884057968955,0.007536041939711691,0.9255091532883932,0.2055736786221664,0.8206998239339944,-0.2116044842611213,0.4171781628832877,-0.0030154028194774446
M_2,M_2_ (10).jpg,10,0,1,0,0,0.008397146180669236,0.008811114182673302,0.011375099497008559,0.0038852799960001584,0.1593541593541592,0.061538461538461764,0.0025445292620865922,0.8139750769937907,-0.14304506075781606,0.5701928120408858,-1.1952677030415486,1.0522226422837326,-0.6691563818996823
M_2,M_2_ (11).jpg,11,0,1,0,1,0.008097613206393224,0.007194244604316547,0.011375099497008559,0.004304017677252857,0.12517780938833534,0.061538461538461764,0.0,0.6729275790868317,-0.5839130227889351,0.6169818764205471,-1.011541581670299,0.427628558881364,-0.7977273022296171
M_2,M_2_ (12).jpg,12,1,1,0,0,0.013669250098011527,0.012969608904546723,0.014831315200063528,0.014415279110681349,0.19831519831519806,0.012942612942612897,0.006498336269328608,1.1705634108867504,0.9715324707852302,1.4927471911865513,2.427316763686381,-1.4557842929011509,1.6994246172358056
M_2,M_2_ (13).jpg,13,1,1,0,1,0.011352007670212806,0.012969608904546723,0.01345919923299979,0.01178497793898817,0.19831519831519806,0.00293040293040292,0.0018315377721959125,0.9878459664262108,0.4004179982691043,1.3277676034399777,1.7794931714864568,-1.3790751732173525,1.0899555848777807
M_2,M_2_ (14).jpg,14,0,1,1,0,0.006093546383951011,0.0035971223021582736,0.01079136690647482,0.00489859718194399,0.05009009009009002,0.04753157290470744,0.0020966401827907655,0.4798049428041513,-1.1875506933854414,0.7641736665636424,-0.4335651450985718,-0.7539855482868696,-0.8105579192420066
M_2,M_2_ (15).jpg,15,0,1,1,1,0.006793110960214442,0.0062303985883772565,0.010174198290453922,0.00453744837364933,0.07675675675675642,0.03260619977037882,0.0009110846462713207,0.5264251410218007,-1.0418313287550969,0.6704836967589128,-0.8014565528843376,-0.24037477587075928,-0.9216439408197172
M_2,M_2_ (16).jpg,16,1,1,1,0,0.012309833928034164,0.01079136690647482,0.01526129743568088,0.018099572224754,0.1723411723411723,0.017067307692307576,0.006688476917484643,1.121956274456366,0.8196025925794655,0.7991844642551936,-0.296088618237772,1.1156912108172374,0.2617569871708468
M_2,M_2_ (17).jpg,17,1,1,1,1,0.012118323810591258,0.01079136690647482,0.01526129743568088,0.017333531754982374,0.1120199146514933,0.048317307692307576,0.00454191881237731,1.0177174014053478,0.4937862526346251,0.8713803371375184,-0.0125978521893036,0.5063841048239287,0.24059420022266076
M_2,M_2_ (2).jpg,2,0,0,0,0,0.006591529738675563,0.005087099145226961,0.011375099497008559,0.003673521724089475,0.06342342342342322,0.061538461538461764,0.00045438022537258593,0.5154290131310216,-1.0762015980996773,0.6433967339674096,-0.9078186415345544,-0.16838295656512292,-0.9920101198171158
M_2,M_2_ (3).jpg,3,0,0,0,1,0.007257852557781805,0.008043409991006438,0.011375099497008559,0.003382502154734963,0.1463671463671461,0.061538461538461764,0.00045438022537258593,0.7135134808456686,-0.45705487882230733,0.6185263662423595,-1.0054768499168192,0.5484219710945119,-0.7312658643695633
M_2,M_2_ (4).jpg,4,1,0,0,0,0.01545115531376531,0.0062303985883772565,0.027863189541060554,0.018193942078628508,0.1120199146514933,0.03883984867591428,0.006688476917484643,1.0997685617849235,0.7502511201127692,1.0745281916238123,0.7851006669946338,-0.03484954688186459,0.7676758935537015
M_2,M_2_ (5).jpg,5,1,0,0,1,0.015370448465147174,0.008043409991006438,0.029000927152153053,0.01820705812905196,0.1463671463671461,0.004466501240694587,0.011883282112289728,1.255058152446328,1.2356351671569832,1.1975954168116707,1.268347430986691,-0.03271226382970771,1.251991299071837
M_2,M_2_ (6).jpg,6,0,0,1,0,0.006280101416712328,0.005087099145226961,0.01079136690647482,0.00415484046992057,0.03675675675675638,0.04753157290470744,0.00045438022537258593,0.4470485491469375,-1.2899363771405052,0.6711290903459401,-0.7989222927516655,-0.49101408438883976,-1.0444293349460854
M_2,M_2_ (7).jpg,7,0,0,1,1,0.007821398731298826,0.005087099145226961,0.012969608904546723,0.00518547688441518,0.06342342342342322,0.06289592760181018,0.0030054006335358263,0.6152275698727196,-0.7642642225541546,0.6652964976444491,-0.821825072467197,0.057560849913042444,-0.7930446475106758
M_2,M_2_ (8).jpg,8,1,0,1,0,0.011948146729638308,0.007194244604316547,0.01526129743568088,0.02024994573332884,0.12517780938833534,0.017067307692307576,0.0032301019130113184,0.9188703608063566,0.1848230027481878,0.7392490483369217,-0.5314363783486452,0.716259381096833,-0.1733066878002287
M_2,M_2_ (9).jpg,9,1,0,1,1,0.011078664914847589,0.0062303985883772565,0.01526129743568088,0.017735864490105255,0.07675675675675642,0.017067307692307576,0.001493671722679446,0.7463760979312388,-0.35433717566190565,0.758487338402734,-0.4558935893985169,0.10155641373661123,-0.4051153825302113
