analysis,n_participants,participants,metric,cluster_start_ms,cluster_end_ms,cluster_mass_abs_t,joint_familywise_p,peak_time_ms,peak_t,n_permutations,seed
N29_sensitivity,29,s1;s2;s3;s4;s6;s7;s8;s9;s10;s11;s12;s13;s14;s15;s16;s17;s18;s19;s20;s21;s22;s23;s24;s25;s26;s27;s28;s29;s30,G_new,340.0,380.0,7.186459760156009,0.33866613338666135,360.0,2.6781075555933374,10000,20260818
N29_sensitivity,29,s1;s2;s3;s4;s6;s7;s8;s9;s10;s11;s12;s13;s14;s15;s16;s17;s18;s19;s20;s21;s22;s23;s24;s25;s26;s27;s28;s29;s30,G_new,420.0,580.0,24.06872079797268,0.047295270472952705,460.0,3.27663787359354,10000,20260818
N29_sensitivity,29,s1;s2;s3;s4;s6;s7;s8;s9;s10;s11;s12;s13;s14;s15;s16;s17;s18;s19;s20;s21;s22;s23;s24;s25;s26;s27;s28;s29;s30,A2,40.0,80.0,7.605392919646281,0.30816918308169183,80.0,2.7153085542819704,10000,20260818
N29_sensitivity,29,s1;s2;s3;s4;s6;s7;s8;s9;s10;s11;s12;s13;s14;s15;s16;s17;s18;s19;s20;s21;s22;s23;s24;s25;s26;s27;s28;s29;s30,A2,580.0,580.0,2.5274666555010223,0.6888311168883112,580.0,-2.5274666555010223,10000,20260818
N29_sensitivity,29,s1;s2;s3;s4;s6;s7;s8;s9;s10;s11;s12;s13;s14;s15;s16;s17;s18;s19;s20;s21;s22;s23;s24;s25;s26;s27;s28;s29;s30,A2,900.0,980.0,13.381938441645776,0.15478452154784522,940.0,-3.170254486181149,10000,20260818
N28_unified_primary,28,s1;s2;s3;s4;s6;s7;s8;s9;s10;s11;s12;s13;s14;s15;s16;s17;s19;s20;s21;s22;s23;s24;s25;s26;s27;s28;s29;s30,G_new,360.0,360.0,2.415909330333552,0.7599240075992401,360.0,2.415909330333552,10000,20260819
N28_unified_primary,28,s1;s2;s3;s4;s6;s7;s8;s9;s10;s11;s12;s13;s14;s15;s16;s17;s19;s20;s21;s22;s23;s24;s25;s26;s27;s28;s29;s30,G_new,440.0,560.0,17.964401336129274,0.08499150084991501,460.0,3.017176887310905,10000,20260819
N28_unified_primary,28,s1;s2;s3;s4;s6;s7;s8;s9;s10;s11;s12;s13;s14;s15;s16;s17;s19;s20;s21;s22;s23;s24;s25;s26;s27;s28;s29;s30,A2,40.0,80.0,7.2701633405043875,0.3458654134586541,80.0,2.5429278882866053,10000,20260819
N28_unified_primary,28,s1;s2;s3;s4;s6;s7;s8;s9;s10;s11;s12;s13;s14;s15;s16;s17;s19;s20;s21;s22;s23;s24;s25;s26;s27;s28;s29;s30,A2,580.0,580.0,2.519663519044944,0.7326267373262674,580.0,-2.519663519044944,10000,20260819
N28_unified_primary,28,s1;s2;s3;s4;s6;s7;s8;s9;s10;s11;s12;s13;s14;s15;s16;s17;s19;s20;s21;s22;s23;s24;s25;s26;s27;s28;s29;s30,A2,900.0,980.0,12.615760344591772,0.15528447155284472,940.0,-2.9735651034773793,10000,20260819
LOPO_s1,28,s2;s3;s4;s6;s7;s8;s9;s10;s11;s12;s13;s14;s15;s16;s17;s18;s19;s20;s21;s22;s23;s24;s25;s26;s27;s28;s29;s30,G_new,340.0,380.0,6.908568872709148,0.37046295370462956,360.0,2.5952938615013816,10000,20260918
LOPO_s1,28,s2;s3;s4;s6;s7;s8;s9;s10;s11;s12;s13;s14;s15;s16;s17;s18;s19;s20;s21;s22;s23;s24;s25;s26;s27;s28;s29;s30,G_new,440.0,560.0,18.63006927142537,0.08359164083591641,440.0,3.1289937634449974,10000,20260918
LOPO_s1,28,s2;s3;s4;s6;s7;s8;s9;s10;s11;s12;s13;s14;s15;s16;s17;s18;s19;s20;s21;s22;s23;s24;s25;s26;s27;s28;s29;s30,A2,40.0,80.0,7.072057600185422,0.35736426357364265,80.0,2.4694556281920046,10000,20260918
LOPO_s1,28,s2;s3;s4;s6;s7;s8;s9;s10;s11;s12;s13;s14;s15;s16;s17;s18;s19;s20;s21;s22;s23;s24;s25;s26;s27;s28;s29;s30,A2,540.0,540.0,2.1818774550029847,0.8149185081491851,540.0,-2.1818774550029847,10000,20260918
LOPO_s1,28,s2;s3;s4;s6;s7;s8;s9;s10;s11;s12;s13;s14;s15;s16;s17;s18;s19;s20;s21;s22;s23;s24;s25;s26;s27;s28;s29;s30,A2,580.0,580.0,2.5819878157740628,0.6842315768423157,580.0,-2.5819878157740628,10000,20260918
LOPO_s1,28,s2;s3;s4;s6;s7;s8;s9;s10;s11;s12;s13;s14;s15;s16;s17;s18;s19;s20;s21;s22;s23;s24;s25;s26;s27;s28;s29;s30,A2,900.0,980.0,13.006089708996667,0.1576842315768423,940.0,-3.0763819755362727,10000,20260918
LOPO_s2,28,s1;s3;s4;s6;s7;s8;s9;s10;s11;s12;s13;s14;s15;s16;s17;s18;s19;s20;s21;s22;s23;s24;s25;s26;s27;s28;s29;s30,G_new,360.0,380.0,4.5187364761655475,0.5876412358764124,360.0,2.4451047225232254,10000,20260919
LOPO_s2,28,s1;s3;s4;s6;s7;s8;s9;s10;s11;s12;s13;s14;s15;s16;s17;s18;s19;s20;s21;s22;s23;s24;s25;s26;s27;s28;s29;s30,G_new,440.0,560.0,18.214799716084833,0.0821917808219178,460.0,3.0225600346958483,10000,20260919
LOPO_s2,28,s1;s3;s4;s6;s7;s8;s9;s10;s11;s12;s13;s14;s15;s16;s17;s18;s19;s20;s21;s22;s23;s24;s25;s26;s27;s28;s29;s30,A2,40.0,100.0,10.731726143288952,0.19788021197880212,60.0,2.897361511666868,10000,20260919
LOPO_s2,28,s1;s3;s4;s6;s7;s8;s9;s10;s11;s12;s13;s14;s15;s16;s17;s18;s19;s20;s21;s22;s23;s24;s25;s26;s27;s28;s29;s30,A2,540.0,540.0,2.2576147320853885,0.784021597840216,540.0,-2.2576147320853885,10000,20260919
LOPO_s2,28,s1;s3;s4;s6;s7;s8;s9;s10;s11;s12;s13;s14;s15;s16;s17;s18;s19;s20;s21;s22;s23;s24;s25;s26;s27;s28;s29;s30,A2,580.0,580.0,2.5238550332776852,0.6999300069993001,580.0,-2.5238550332776852,10000,20260919
LOPO_s2,28,s1;s3;s4;s6;s7;s8;s9;s10;s11;s12;s13;s14;s15;s16;s17;s18;s19;s20;s21;s22;s23;s24;s25;s26;s27;s28;s29;s30,A2,900.0,980.0,13.922176975199605,0.134986501349865,940.0,-3.3633805336212785,10000,20260919
LOPO_s3,28,s1;s2;s4;s6;s7;s8;s9;s10;s11;s12;s13;s14;s15;s16;s17;s18;s19;s20;s21;s22;s23;s24;s25;s26;s27;s28;s29;s30,G_new,340.0,380.0,7.391662425690632,0.3204679532046795,360.0,2.862459483338823,10000,20260920
LOPO_s3,28,s1;s2;s4;s6;s7;s8;s9;s10;s11;s12;s13;s14;s15;s16;s17;s18;s19;s20;s21;s22;s23;s24;s25;s26;s27;s28;s29;s30,G_new,420.0,580.0,25.614052019708225,0.0380961903809619,540.0,3.3189621927935655,10000,20260920
LOPO_s3,28,s1;s2;s4;s6;s7;s8;s9;s10;s11;s12;s13;s14;s15;s16;s17;s18;s19;s20;s21;s22;s23;s24;s25;s26;s27;s28;s29;s30,A2,40.0,80.0,7.091606691576983,0.3457654234576542,80.0,2.5150868625996026,10000,20260920
LOPO_s3,28,s1;s2;s4;s6;s7;s8;s9;s10;s11;s12;s13;s14;s15;s16;s17;s18;s19;s20;s21;s22;s23;s24;s25;s26;s27;s28;s29;s30,A2,580.0,580.0,2.5547436982763276,0.6826317368263174,580.0,-2.5547436982763276,10000,20260920
LOPO_s3,28,s1;s2;s4;s6;s7;s8;s9;s10;s11;s12;s13;s14;s15;s16;s17;s18;s19;s20;s21;s22;s23;s24;s25;s26;s27;s28;s29;s30,A2,900.0,980.0,13.391166172351031,0.1481851814818518,940.0,-3.130544806696407,10000,20260920
LOPO_s4,28,s1;s2;s3;s6;s7;s8;s9;s10;s11;s12;s13;s14;s15;s16;s17;s18;s19;s20;s21;s22;s23;s24;s25;s26;s27;s28;s29;s30,G_new,340.0,380.0,6.9002387109712515,0.3628637136286371,360.0,2.5921612353500882,10000,20260921
LOPO_s4,28,s1;s2;s3;s6;s7;s8;s9;s10;s11;s12;s13;s14;s15;s16;s17;s18;s19;s20;s21;s22;s23;s24;s25;s26;s27;s28;s29;s30,G_new,440.0,580.0,21.07209651770001,0.06679332066793321,460.0,3.1447721171085683,10000,20260921
LOPO_s4,28,s1;s2;s3;s6;s7;s8;s9;s10;s11;s12;s13;s14;s15;s16;s17;s18;s19;s20;s21;s22;s23;s24;s25;s26;s27;s28;s29;s30,A2,40.0,100.0,9.856175930732707,0.21637836216378362,80.0,2.7632977628635773,10000,20260921
LOPO_s4,28,s1;s2;s3;s6;s7;s8;s9;s10;s11;s12;s13;s14;s15;s16;s17;s18;s19;s20;s21;s22;s23;s24;s25;s26;s27;s28;s29;s30,A2,580.0,580.0,2.545171883602755,0.6872312768723128,580.0,-2.545171883602755,10000,20260921
LOPO_s4,28,s1;s2;s3;s6;s7;s8;s9;s10;s11;s12;s13;s14;s15;s16;s17;s18;s19;s20;s21;s22;s23;s24;s25;s26;s27;s28;s29;s30,A2,900.0,980.0,12.668747516987988,0.15698430156984303,940.0,-3.0001141422111117,10000,20260921
LOPO_s6,28,s1;s2;s3;s4;s7;s8;s9;s10;s11;s12;s13;s14;s15;s16;s17;s18;s19;s20;s21;s22;s23;s24;s25;s26;s27;s28;s29;s30,G_new,340.0,360.0,4.674302634471049,0.5383461653834617,360.0,2.468957864241794,10000,20260922
LOPO_s6,28,s1;s2;s3;s4;s7;s8;s9;s10;s11;s12;s13;s14;s15;s16;s17;s18;s19;s20;s21;s22;s23;s24;s25;s26;s27;s28;s29;s30,G_new,440.0,580.0,20.79346905772893,0.06469353064693531,460.0,3.061549201440972,10000,20260922
LOPO_s6,28,s1;s2;s3;s4;s7;s8;s9;s10;s11;s12;s13;s14;s15;s16;s17;s18;s19;s20;s21;s22;s23;s24;s25;s26;s27;s28;s29;s30,A2,40.0,80.0,7.4483634444236815,0.3193680631936806,80.0,2.60201940268919,10000,20260922
LOPO_s6,28,s1;s2;s3;s4;s7;s8;s9;s10;s11;s12;s13;s14;s15;s16;s17;s18;s19;s20;s21;s22;s23;s24;s25;s26;s27;s28;s29;s30,A2,580.0,580.0,2.583120238755375,0.6702329767023297,580.0,-2.583120238755375,10000,20260922
LOPO_s6,28,s1;s2;s3;s4;s7;s8;s9;s10;s11;s12;s13;s14;s15;s16;s17;s18;s19;s20;s21;s22;s23;s24;s25;s26;s27;s28;s29;s30,A2,880.0,980.0,19.37525417668141,0.0776922307769223,940.0,-3.8749426619825,10000,20260922
LOPO_s7,28,s1;s2;s3;s4;s6;s8;s9;s10;s11;s12;s13;s14;s15;s16;s17;s18;s19;s20;s21;s22;s23;s24;s25;s26;s27;s28;s29;s30,G_new,320.0,380.0,10.395110675952385,0.2101789821017898,360.0,2.910379605710641,10000,20260923
LOPO_s7,28,s1;s2;s3;s4;s6;s8;s9;s10;s11;s12;s13;s14;s15;s16;s17;s18;s19;s20;s21;s22;s23;s24;s25;s26;s27;s28;s29;s30,G_new,420.0,580.0,25.382896469698718,0.04279572042795721,460.0,3.683819788080612,10000,20260923
LOPO_s7,28,s1;s2;s3;s4;s6;s8;s9;s10;s11;s12;s13;s14;s15;s16;s17;s18;s19;s20;s21;s22;s23;s24;s25;s26;s27;s28;s29;s30,A2,40.0,100.0,9.651414818795725,0.23567643235676433,80.0,2.8043721961593957,10000,20260923
LOPO_s7,28,s1;s2;s3;s4;s6;s8;s9;s10;s11;s12;s13;s14;s15;s16;s17;s18;s19;s20;s21;s22;s23;s24;s25;s26;s27;s28;s29;s30,A2,580.0,580.0,2.328625025276386,0.7755224477552245,580.0,-2.328625025276386,10000,20260923
LOPO_s7,28,s1;s2;s3;s4;s6;s8;s9;s10;s11;s12;s13;s14;s15;s16;s17;s18;s19;s20;s21;s22;s23;s24;s25;s26;s27;s28;s29;s30,A2,940.0,980.0,8.049555069541608,0.29247075292470753,940.0,-2.9053607911969026,10000,20260923
LOPO_s7,28,s1;s2;s3;s4;s6;s8;s9;s10;s11;s12;s13;s14;s15;s16;s17;s18;s19;s20;s21;s22;s23;s24;s25;s26;s27;s28;s29;s30,I,340.0,340.0,2.4713032708719966,0.7284271572842715,340.0,-2.4713032708719966,10000,20260923
LOPO_s8,28,s1;s2;s3;s4;s6;s7;s9;s10;s11;s12;s13;s14;s15;s16;s17;s18;s19;s20;s21;s22;s23;s24;s25;s26;s27;s28;s29;s30,G_new,340.0,380.0,7.1612701456251555,0.3408659134086591,360.0,2.6764339268242945,10000,20260924
LOPO_s8,28,s1;s2;s3;s4;s6;s7;s9;s10;s11;s12;s13;s14;s15;s16;s17;s18;s19;s20;s21;s22;s23;s24;s25;s26;s27;s28;s29;s30,G_new,440.0,580.0,23.06335612051434,0.0524947505249475,460.0,3.426265288257604,10000,20260924
LOPO_s8,28,s1;s2;s3;s4;s6;s7;s9;s10;s11;s12;s13;s14;s15;s16;s17;s18;s19;s20;s21;s22;s23;s24;s25;s26;s27;s28;s29;s30,A2,40.0,100.0,9.661818963915982,0.22817718228177183,80.0,2.6769419655756805,10000,20260924
LOPO_s8,28,s1;s2;s3;s4;s6;s7;s9;s10;s11;s12;s13;s14;s15;s16;s17;s18;s19;s20;s21;s22;s23;s24;s25;s26;s27;s28;s29;s30,A2,540.0,540.0,2.059642820243362,0.8733126687331267,540.0,-2.059642820243362,10000,20260924
LOPO_s8,28,s1;s2;s3;s4;s6;s7;s9;s10;s11;s12;s13;s14;s15;s16;s17;s18;s19;s20;s21;s22;s23;s24;s25;s26;s27;s28;s29;s30,A2,580.0,580.0,2.6724648984461403,0.674032596740326,580.0,-2.6724648984461403,10000,20260924
LOPO_s8,28,s1;s2;s3;s4;s6;s7;s9;s10;s11;s12;s13;s14;s15;s16;s17;s18;s19;s20;s21;s22;s23;s24;s25;s26;s27;s28;s29;s30,A2,900.0,980.0,13.367017325604937,0.1478852114788521,940.0,-3.1315693222873815,10000,20260924
LOPO_s9,28,s1;s2;s3;s4;s6;s7;s8;s10;s11;s12;s13;s14;s15;s16;s17;s18;s19;s20;s21;s22;s23;s24;s25;s26;s27;s28;s29;s30,G_new,340.0,380.0,6.7424267224538585,0.37436256374362564,360.0,2.4875707412268446,10000,20260925
LOPO_s9,28,s1;s2;s3;s4;s6;s7;s8;s10;s11;s12;s13;s14;s15;s16;s17;s18;s19;s20;s21;s22;s23;s24;s25;s26;s27;s28;s29;s30,G_new,440.0,580.0,21.78839529239108,0.057194280571942806,460.0,3.163486786447082,10000,20260925
LOPO_s9,28,s1;s2;s3;s4;s6;s7;s8;s10;s11;s12;s13;s14;s15;s16;s17;s18;s19;s20;s21;s22;s23;s24;s25;s26;s27;s28;s29;s30,A2,40.0,80.0,6.955832952545476,0.3581641835816418,80.0,2.573521836962588,10000,20260925
LOPO_s9,28,s1;s2;s3;s4;s6;s7;s8;s10;s11;s12;s13;s14;s15;s16;s17;s18;s19;s20;s21;s22;s23;s24;s25;s26;s27;s28;s29;s30,A2,580.0,580.0,2.411897507943922,0.7256274372562743,580.0,-2.411897507943922,10000,20260925
LOPO_s9,28,s1;s2;s3;s4;s6;s7;s8;s10;s11;s12;s13;s14;s15;s16;s17;s18;s19;s20;s21;s22;s23;s24;s25;s26;s27;s28;s29;s30,A2,900.0,980.0,12.391163851495918,0.1601839816018398,940.0,-2.9503191647302462,10000,20260925
LOPO_s10,28,s1;s2;s3;s4;s6;s7;s8;s9;s11;s12;s13;s14;s15;s16;s17;s18;s19;s20;s21;s22;s23;s24;s25;s26;s27;s28;s29;s30,G_new,340.0,380.0,7.0950349531897325,0.36136386361363865,360.0,2.5566178254422254,10000,20260926
LOPO_s10,28,s1;s2;s3;s4;s6;s7;s8;s9;s11;s12;s13;s14;s15;s16;s17;s18;s19;s20;s21;s22;s23;s24;s25;s26;s27;s28;s29;s30,G_new,420.0,580.0,25.435310396664345,0.039196080391960805,460.0,3.1374832121911003,10000,20260926
LOPO_s10,28,s1;s2;s3;s4;s6;s7;s8;s9;s11;s12;s13;s14;s15;s16;s17;s18;s19;s20;s21;s22;s23;s24;s25;s26;s27;s28;s29;s30,A2,20.0,80.0,10.511607690808582,0.20777922207779223,80.0,2.7869671164956067,10000,20260926
LOPO_s10,28,s1;s2;s3;s4;s6;s7;s8;s9;s11;s12;s13;s14;s15;s16;s17;s18;s19;s20;s21;s22;s23;s24;s25;s26;s27;s28;s29;s30,A2,580.0,580.0,2.2405115039296315,0.7886211378862114,580.0,-2.2405115039296315,10000,20260926
LOPO_s10,28,s1;s2;s3;s4;s6;s7;s8;s9;s11;s12;s13;s14;s15;s16;s17;s18;s19;s20;s21;s22;s23;s24;s25;s26;s27;s28;s29;s30,A2,940.0,980.0,8.341407951146731,0.2770722927707229,940.0,-2.9657393076366487,10000,20260926
LOPO_s10,28,s1;s2;s3;s4;s6;s7;s8;s9;s11;s12;s13;s14;s15;s16;s17;s18;s19;s20;s21;s22;s23;s24;s25;s26;s27;s28;s29;s30,I,420.0,420.0,2.506236907860615,0.7001299870012999,420.0,-2.506236907860615,10000,20260926
LOPO_s11,28,s1;s2;s3;s4;s6;s7;s8;s9;s10;s12;s13;s14;s15;s16;s17;s18;s19;s20;s21;s22;s23;s24;s25;s26;s27;s28;s29;s30,G_new,340.0,380.0,7.775806590093987,0.2963703629637036,360.0,2.6960552873617316,10000,20260927
LOPO_s11,28,s1;s2;s3;s4;s6;s7;s8;s9;s10;s12;s13;s14;s15;s16;s17;s18;s19;s20;s21;s22;s23;s24;s25;s26;s27;s28;s29;s30,G_new,420.0,560.0,22.52402145192685,0.056894310568943104,460.0,3.6010003592037836,10000,20260927
LOPO_s11,28,s1;s2;s3;s4;s6;s7;s8;s9;s10;s12;s13;s14;s15;s16;s17;s18;s19;s20;s21;s22;s23;s24;s25;s26;s27;s28;s29;s30,A2,40.0,80.0,7.199424341277542,0.33796620337966204,80.0,2.611147628405908,10000,20260927
LOPO_s11,28,s1;s2;s3;s4;s6;s7;s8;s9;s10;s12;s13;s14;s15;s16;s17;s18;s19;s20;s21;s22;s23;s24;s25;s26;s27;s28;s29;s30,A2,540.0,540.0,2.0803068380182426,0.8700129987001299,540.0,-2.0803068380182426,10000,20260927
LOPO_s11,28,s1;s2;s3;s4;s6;s7;s8;s9;s10;s12;s13;s14;s15;s16;s17;s18;s19;s20;s21;s22;s23;s24;s25;s26;s27;s28;s29;s30,A2,580.0,580.0,2.364437829628943,0.7373262673732627,580.0,-2.364437829628943,10000,20260927
LOPO_s11,28,s1;s2;s3;s4;s6;s7;s8;s9;s10;s12;s13;s14;s15;s16;s17;s18;s19;s20;s21;s22;s23;s24;s25;s26;s27;s28;s29;s30,A2,900.0,980.0,12.964674251480421,0.15458454154584542,940.0,-3.1058480604499477,10000,20260927
LOPO_s12,28,s1;s2;s3;s4;s6;s7;s8;s9;s10;s11;s13;s14;s15;s16;s17;s18;s19;s20;s21;s22;s23;s24;s25;s26;s27;s28;s29;s30,G_new,360.0,380.0,4.750445993197333,0.5286471352864713,360.0,2.5352026582893123,10000,20260928
LOPO_s12,28,s1;s2;s3;s4;s6;s7;s8;s9;s10;s11;s13;s14;s15;s16;s17;s18;s19;s20;s21;s22;s23;s24;s25;s26;s27;s28;s29;s30,G_new,420.0,580.0,23.806887399727827,0.05269473052694731,440.0,3.0607336026145027,10000,20260928
LOPO_s12,28,s1;s2;s3;s4;s6;s7;s8;s9;s10;s11;s13;s14;s15;s16;s17;s18;s19;s20;s21;s22;s23;s24;s25;s26;s27;s28;s29;s30,A2,40.0,100.0,9.552759053438175,0.24577542245775422,80.0,2.7500840524848313,10000,20260928
LOPO_s12,28,s1;s2;s3;s4;s6;s7;s8;s9;s10;s11;s13;s14;s15;s16;s17;s18;s19;s20;s21;s22;s23;s24;s25;s26;s27;s28;s29;s30,A2,580.0,580.0,2.2688471160354746,0.7642235776422358,580.0,-2.2688471160354746,10000,20260928
LOPO_s12,28,s1;s2;s3;s4;s6;s7;s8;s9;s10;s11;s13;s14;s15;s16;s17;s18;s19;s20;s21;s22;s23;s24;s25;s26;s27;s28;s29;s30,A2,900.0,980.0,13.548305536133283,0.15478452154784522,940.0,-3.2009026369287907,10000,20260928
LOPO_s13,28,s1;s2;s3;s4;s6;s7;s8;s9;s10;s11;s12;s14;s15;s16;s17;s18;s19;s20;s21;s22;s23;s24;s25;s26;s27;s28;s29;s30,G_new,340.0,380.0,6.9564399633413,0.35136486351364865,360.0,2.738478321335801,10000,20260929
LOPO_s13,28,s1;s2;s3;s4;s6;s7;s8;s9;s10;s11;s12;s14;s15;s16;s17;s18;s19;s20;s21;s22;s23;s24;s25;s26;s27;s28;s29;s30,G_new,420.0,580.0,24.539846528810852,0.04079592040795921,560.0,3.1508571395799656,10000,20260929
LOPO_s13,28,s1;s2;s3;s4;s6;s7;s8;s9;s10;s11;s12;s14;s15;s16;s17;s18;s19;s20;s21;s22;s23;s24;s25;s26;s27;s28;s29;s30,A2,40.0,80.0,7.028077785357878,0.34506549345065496,80.0,2.5303462253718276,10000,20260929
LOPO_s13,28,s1;s2;s3;s4;s6;s7;s8;s9;s10;s11;s12;s14;s15;s16;s17;s18;s19;s20;s21;s22;s23;s24;s25;s26;s27;s28;s29;s30,A2,480.0,480.0,2.3014659285527177,0.7495250474952505,480.0,-2.3014659285527177,10000,20260929
LOPO_s13,28,s1;s2;s3;s4;s6;s7;s8;s9;s10;s11;s12;s14;s15;s16;s17;s18;s19;s20;s21;s22;s23;s24;s25;s26;s27;s28;s29;s30,A2,540.0,540.0,2.2859360851578883,0.756024397560244,540.0,-2.2859360851578883,10000,20260929
LOPO_s13,28,s1;s2;s3;s4;s6;s7;s8;s9;s10;s11;s12;s14;s15;s16;s17;s18;s19;s20;s21;s22;s23;s24;s25;s26;s27;s28;s29;s30,A2,580.0,580.0,2.7731608376391055,0.6539346065393461,580.0,-2.7731608376391055,10000,20260929
LOPO_s13,28,s1;s2;s3;s4;s6;s7;s8;s9;s10;s11;s12;s14;s15;s16;s17;s18;s19;s20;s21;s22;s23;s24;s25;s26;s27;s28;s29;s30,A2,900.0,980.0,13.448274375628767,0.1374862513748625,940.0,-3.111125171415384,10000,20260929
LOPO_s14,28,s1;s2;s3;s4;s6;s7;s8;s9;s10;s11;s12;s13;s15;s16;s17;s18;s19;s20;s21;s22;s23;s24;s25;s26;s27;s28;s29;s30,G_new,340.0,380.0,7.402063963405896,0.3237676232376762,360.0,2.744629076156277,10000,20260930
LOPO_s14,28,s1;s2;s3;s4;s6;s7;s8;s9;s10;s11;s12;s13;s15;s16;s17;s18;s19;s20;s21;s22;s23;s24;s25;s26;s27;s28;s29;s30,G_new,420.0,560.0,21.218822737633097,0.0670932906709329,460.0,3.3496350499577816,10000,20260930
LOPO_s14,28,s1;s2;s3;s4;s6;s7;s8;s9;s10;s11;s12;s13;s15;s16;s17;s18;s19;s20;s21;s22;s23;s24;s25;s26;s27;s28;s29;s30,A2,40.0,80.0,6.9452390163526845,0.36136386361363865,80.0,2.4665255127196977,10000,20260930
LOPO_s14,28,s1;s2;s3;s4;s6;s7;s8;s9;s10;s11;s12;s13;s15;s16;s17;s18;s19;s20;s21;s22;s23;s24;s25;s26;s27;s28;s29;s30,A2,540.0,540.0,2.1942843270902648,0.8006199380061993,540.0,-2.1942843270902648,10000,20260930
LOPO_s14,28,s1;s2;s3;s4;s6;s7;s8;s9;s10;s11;s12;s13;s15;s16;s17;s18;s19;s20;s21;s22;s23;s24;s25;s26;s27;s28;s29;s30,A2,580.0,580.0,2.3859503542715768,0.724027597240276,580.0,-2.3859503542715768,10000,20260930
LOPO_s14,28,s1;s2;s3;s4;s6;s7;s8;s9;s10;s11;s12;s13;s15;s16;s17;s18;s19;s20;s21;s22;s23;s24;s25;s26;s27;s28;s29;s30,A2,900.0,980.0,13.160390000862261,0.1561843815618438,960.0,-3.061655295988375,10000,20260930
LOPO_s15,28,s1;s2;s3;s4;s6;s7;s8;s9;s10;s11;s12;s13;s14;s16;s17;s18;s19;s20;s21;s22;s23;s24;s25;s26;s27;s28;s29;s30,G_new,360.0,380.0,4.91171933089282,0.5077492250774922,360.0,2.6547611215157785,10000,20260931
LOPO_s15,28,s1;s2;s3;s4;s6;s7;s8;s9;s10;s11;s12;s13;s14;s16;s17;s18;s19;s20;s21;s22;s23;s24;s25;s26;s27;s28;s29;s30,G_new,440.0,560.0,18.878876463676875,0.0857914208579142,460.0,3.2915432795704436,10000,20260931
LOPO_s15,28,s1;s2;s3;s4;s6;s7;s8;s9;s10;s11;s12;s13;s14;s16;s17;s18;s19;s20;s21;s22;s23;s24;s25;s26;s27;s28;s29;s30,A2,40.0,100.0,11.063164819977864,0.19968003199680032,80.0,2.937197682459432,10000,20260931
LOPO_s15,28,s1;s2;s3;s4;s6;s7;s8;s9;s10;s11;s12;s13;s14;s16;s17;s18;s19;s20;s21;s22;s23;s24;s25;s26;s27;s28;s29;s30,A2,580.0,580.0,2.2580648693062404,0.7791220877912208,580.0,-2.2580648693062404,10000,20260931
LOPO_s15,28,s1;s2;s3;s4;s6;s7;s8;s9;s10;s11;s12;s13;s14;s16;s17;s18;s19;s20;s21;s22;s23;s24;s25;s26;s27;s28;s29;s30,A2,900.0,980.0,12.90915088517413,0.16098390160983903,940.0,-3.0945732723333124,10000,20260931
LOPO_s16,28,s1;s2;s3;s4;s6;s7;s8;s9;s10;s11;s12;s13;s14;s15;s17;s18;s19;s20;s21;s22;s23;s24;s25;s26;s27;s28;s29;s30,G_new,340.0,380.0,6.7262240207343265,0.3748625137486251,360.0,2.4840532157906576,10000,20260932
LOPO_s16,28,s1;s2;s3;s4;s6;s7;s8;s9;s10;s11;s12;s13;s14;s15;s17;s18;s19;s20;s21;s22;s23;s24;s25;s26;s27;s28;s29;s30,G_new,440.0,560.0,18.119448167026516,0.08499150084991501,460.0,3.0149222575570467,10000,20260932
LOPO_s16,28,s1;s2;s3;s4;s6;s7;s8;s9;s10;s11;s12;s13;s14;s15;s17;s18;s19;s20;s21;s22;s23;s24;s25;s26;s27;s28;s29;s30,A2,40.0,80.0,7.528419905430297,0.3127687231276872,80.0,2.6564872378625246,10000,20260932
LOPO_s16,28,s1;s2;s3;s4;s6;s7;s8;s9;s10;s11;s12;s13;s14;s15;s17;s18;s19;s20;s21;s22;s23;s24;s25;s26;s27;s28;s29;s30,A2,580.0,580.0,2.6487112802445676,0.68003199680032,580.0,-2.6487112802445676,10000,20260932
LOPO_s16,28,s1;s2;s3;s4;s6;s7;s8;s9;s10;s11;s12;s13;s14;s15;s17;s18;s19;s20;s21;s22;s23;s24;s25;s26;s27;s28;s29;s30,A2,900.0,980.0,13.569923144347134,0.14208579142085792,940.0,-3.1576504555424485,10000,20260932
LOPO_s17,28,s1;s2;s3;s4;s6;s7;s8;s9;s10;s11;s12;s13;s14;s15;s16;s18;s19;s20;s21;s22;s23;s24;s25;s26;s27;s28;s29;s30,G_new,340.0,380.0,6.921317559851355,0.3568643135686431,360.0,2.643184125217352,10000,20260933
LOPO_s17,28,s1;s2;s3;s4;s6;s7;s8;s9;s10;s11;s12;s13;s14;s15;s16;s18;s19;s20;s21;s22;s23;s24;s25;s26;s27;s28;s29;s30,G_new,440.0,580.0,22.848104574449778,0.050994900509949,460.0,3.3574841451573643,10000,20260933
LOPO_s17,28,s1;s2;s3;s4;s6;s7;s8;s9;s10;s11;s12;s13;s14;s15;s16;s18;s19;s20;s21;s22;s23;s24;s25;s26;s27;s28;s29;s30,A2,40.0,80.0,6.963055458686653,0.35306469353064696,80.0,2.5347347944310865,10000,20260933
LOPO_s17,28,s1;s2;s3;s4;s6;s7;s8;s9;s10;s11;s12;s13;s14;s15;s16;s18;s19;s20;s21;s22;s23;s24;s25;s26;s27;s28;s29;s30,A2,540.0,540.0,2.1206995603298786,0.8454154584541546,540.0,-2.1206995603298786,10000,20260933
LOPO_s17,28,s1;s2;s3;s4;s6;s7;s8;s9;s10;s11;s12;s13;s14;s15;s16;s18;s19;s20;s21;s22;s23;s24;s25;s26;s27;s28;s29;s30,A2,580.0,580.0,2.507952092808188,0.6934306569343066,580.0,-2.507952092808188,10000,20260933
LOPO_s17,28,s1;s2;s3;s4;s6;s7;s8;s9;s10;s11;s12;s13;s14;s15;s16;s18;s19;s20;s21;s22;s23;s24;s25;s26;s27;s28;s29;s30,A2,900.0,980.0,13.350008251323096,0.14308569143085692,940.0,-3.1289414217877725,10000,20260933
LOPO_s18,28,s1;s2;s3;s4;s6;s7;s8;s9;s10;s11;s12;s13;s14;s15;s16;s17;s19;s20;s21;s22;s23;s24;s25;s26;s27;s28;s29;s30,G_new,360.0,360.0,2.415909330333552,0.7526247375262474,360.0,2.415909330333552,10000,20260934
LOPO_s18,28,s1;s2;s3;s4;s6;s7;s8;s9;s10;s11;s12;s13;s14;s15;s16;s17;s19;s20;s21;s22;s23;s24;s25;s26;s27;s28;s29;s30,G_new,440.0,560.0,17.964401336129274,0.07989201079892011,460.0,3.017176887310905,10000,20260934
LOPO_s18,28,s1;s2;s3;s4;s6;s7;s8;s9;s10;s11;s12;s13;s14;s15;s16;s17;s19;s20;s21;s22;s23;s24;s25;s26;s27;s28;s29;s30,A2,40.0,80.0,7.2701633405043875,0.33196680331966805,80.0,2.5429278882866053,10000,20260934
LOPO_s18,28,s1;s2;s3;s4;s6;s7;s8;s9;s10;s11;s12;s13;s14;s15;s16;s17;s19;s20;s21;s22;s23;s24;s25;s26;s27;s28;s29;s30,A2,580.0,580.0,2.519663519044944,0.7238276172382762,580.0,-2.519663519044944,10000,20260934
LOPO_s18,28,s1;s2;s3;s4;s6;s7;s8;s9;s10;s11;s12;s13;s14;s15;s16;s17;s19;s20;s21;s22;s23;s24;s25;s26;s27;s28;s29;s30,A2,900.0,980.0,12.615760344591772,0.1496850314968503,940.0,-2.9735651034773793,10000,20260934
LOPO_s19,28,s1;s2;s3;s4;s6;s7;s8;s9;s10;s11;s12;s13;s14;s15;s16;s17;s18;s20;s21;s22;s23;s24;s25;s26;s27;s28;s29;s30,G_new,340.0,380.0,7.775051498750241,0.30246975302469753,360.0,2.927727663539659,10000,20260935
LOPO_s19,28,s1;s2;s3;s4;s6;s7;s8;s9;s10;s11;s12;s13;s14;s15;s16;s17;s18;s20;s21;s22;s23;s24;s25;s26;s27;s28;s29;s30,G_new,420.0,560.0,23.28033176435047,0.052094790520947905,440.0,3.6239063650619836,10000,20260935
LOPO_s19,28,s1;s2;s3;s4;s6;s7;s8;s9;s10;s11;s12;s13;s14;s15;s16;s17;s18;s20;s21;s22;s23;s24;s25;s26;s27;s28;s29;s30,A2,40.0,80.0,7.2395337058374185,0.3384661533846615,80.0,2.5650474691865814,10000,20260935
LOPO_s19,28,s1;s2;s3;s4;s6;s7;s8;s9;s10;s11;s12;s13;s14;s15;s16;s17;s18;s20;s21;s22;s23;s24;s25;s26;s27;s28;s29;s30,A2,540.0,580.0,7.421969152458619,0.3257674232576742,580.0,-2.9088034597111,10000,20260935
LOPO_s19,28,s1;s2;s3;s4;s6;s7;s8;s9;s10;s11;s12;s13;s14;s15;s16;s17;s18;s20;s21;s22;s23;s24;s25;s26;s27;s28;s29;s30,A2,940.0,980.0,8.52025505194636,0.26977302269773024,940.0,-3.0347038500126677,10000,20260935
LOPO_s20,28,s1;s2;s3;s4;s6;s7;s8;s9;s10;s11;s12;s13;s14;s15;s16;s17;s18;s19;s21;s22;s23;s24;s25;s26;s27;s28;s29;s30,G_new,340.0,380.0,7.095595916678036,0.34726527347265274,360.0,2.603956143805903,10000,20260936
LOPO_s20,28,s1;s2;s3;s4;s6;s7;s8;s9;s10;s11;s12;s13;s14;s15;s16;s17;s18;s19;s21;s22;s23;s24;s25;s26;s27;s28;s29;s30,G_new,420.0,580.0,23.121594113176574,0.045295470452954706,460.0,3.1518959925563896,10000,20260936
LOPO_s20,28,s1;s2;s3;s4;s6;s7;s8;s9;s10;s11;s12;s13;s14;s15;s16;s17;s18;s19;s21;s22;s23;s24;s25;s26;s27;s28;s29;s30,A2,40.0,100.0,11.905601424373604,0.16998300169983002,80.0,3.5025999088853914,10000,20260936
LOPO_s20,28,s1;s2;s3;s4;s6;s7;s8;s9;s10;s11;s12;s13;s14;s15;s16;s17;s18;s19;s21;s22;s23;s24;s25;s26;s27;s28;s29;s30,A2,580.0,580.0,2.272777252038169,0.7897210278972103,580.0,-2.272777252038169,10000,20260936
LOPO_s20,28,s1;s2;s3;s4;s6;s7;s8;s9;s10;s11;s12;s13;s14;s15;s16;s17;s18;s19;s21;s22;s23;s24;s25;s26;s27;s28;s29;s30,A2,940.0,980.0,9.140010284203264,0.24327567243275672,940.0,-3.1621352538406446,10000,20260936
LOPO_s20,28,s1;s2;s3;s4;s6;s7;s8;s9;s10;s11;s12;s13;s14;s15;s16;s17;s18;s19;s21;s22;s23;s24;s25;s26;s27;s28;s29;s30,I,340.0,340.0,2.2830718666832293,0.7841215878412159,340.0,-2.2830718666832293,10000,20260936
LOPO_s21,28,s1;s2;s3;s4;s6;s7;s8;s9;s10;s11;s12;s13;s14;s15;s16;s17;s18;s19;s20;s22;s23;s24;s25;s26;s27;s28;s29;s30,G_new,340.0,380.0,7.48800321700779,0.31516848315168483,360.0,2.7078365913667453,10000,20260937
LOPO_s21,28,s1;s2;s3;s4;s6;s7;s8;s9;s10;s11;s12;s13;s14;s15;s16;s17;s18;s19;s20;s22;s23;s24;s25;s26;s27;s28;s29;s30,G_new,420.0,580.0,23.58207867170912,0.050994900509949,460.0,3.325608537518117,10000,20260937
LOPO_s21,28,s1;s2;s3;s4;s6;s7;s8;s9;s10;s11;s12;s13;s14;s15;s16;s17;s18;s19;s20;s22;s23;s24;s25;s26;s27;s28;s29;s30,A2,40.0,80.0,6.822349051184928,0.36606339366063395,80.0,2.4435341633192005,10000,20260937
LOPO_s21,28,s1;s2;s3;s4;s6;s7;s8;s9;s10;s11;s12;s13;s14;s15;s16;s17;s18;s19;s20;s22;s23;s24;s25;s26;s27;s28;s29;s30,A2,580.0,580.0,2.461183335816675,0.7144285571442855,580.0,-2.461183335816675,10000,20260937
LOPO_s21,28,s1;s2;s3;s4;s6;s7;s8;s9;s10;s11;s12;s13;s14;s15;s16;s17;s18;s19;s20;s22;s23;s24;s25;s26;s27;s28;s29;s30,A2,900.0,980.0,12.65470592969194,0.1606839316068393,940.0,-3.065683133782379,10000,20260937
LOPO_s22,28,s1;s2;s3;s4;s6;s7;s8;s9;s10;s11;s12;s13;s14;s15;s16;s17;s18;s19;s20;s21;s23;s24;s25;s26;s27;s28;s29;s30,G_new,340.0,380.0,7.256618057481956,0.32166783321667836,360.0,2.7240096045379776,10000,20260938
LOPO_s22,28,s1;s2;s3;s4;s6;s7;s8;s9;s10;s11;s12;s13;s14;s15;s16;s17;s18;s19;s20;s21;s23;s24;s25;s26;s27;s28;s29;s30,G_new,440.0,560.0,19.211414755552944,0.07129287071292871,460.0,3.2650465047022337,10000,20260938
LOPO_s22,28,s1;s2;s3;s4;s6;s7;s8;s9;s10;s11;s12;s13;s14;s15;s16;s17;s18;s19;s20;s21;s23;s24;s25;s26;s27;s28;s29;s30,A2,40.0,80.0,7.048310629232427,0.3401659834016598,80.0,2.6307019889126573,10000,20260938
LOPO_s22,28,s1;s2;s3;s4;s6;s7;s8;s9;s10;s11;s12;s13;s14;s15;s16;s17;s18;s19;s20;s21;s23;s24;s25;s26;s27;s28;s29;s30,A2,580.0,580.0,2.549249717259006,0.6773322667733227,580.0,-2.549249717259006,10000,20260938
LOPO_s22,28,s1;s2;s3;s4;s6;s7;s8;s9;s10;s11;s12;s13;s14;s15;s16;s17;s18;s19;s20;s21;s23;s24;s25;s26;s27;s28;s29;s30,A2,900.0,980.0,13.226423606420102,0.14138586141385862,940.0,-3.117495577011656,10000,20260938
LOPO_s23,28,s1;s2;s3;s4;s6;s7;s8;s9;s10;s11;s12;s13;s14;s15;s16;s17;s18;s19;s20;s21;s22;s24;s25;s26;s27;s28;s29;s30,G_new,340.0,380.0,7.356645141459488,0.3341665833416658,360.0,2.7000332588625255,10000,20260939
LOPO_s23,28,s1;s2;s3;s4;s6;s7;s8;s9;s10;s11;s12;s13;s14;s15;s16;s17;s18;s19;s20;s21;s22;s24;s25;s26;s27;s28;s29;s30,G_new,440.0,580.0,21.305320543479514,0.07019298070192981,460.0,3.1074210682401042,10000,20260939
LOPO_s23,28,s1;s2;s3;s4;s6;s7;s8;s9;s10;s11;s12;s13;s14;s15;s16;s17;s18;s19;s20;s21;s22;s24;s25;s26;s27;s28;s29;s30,A2,40.0,80.0,6.943742781004744,0.3691630836916308,80.0,2.4757377616225806,10000,20260939
LOPO_s23,28,s1;s2;s3;s4;s6;s7;s8;s9;s10;s11;s12;s13;s14;s15;s16;s17;s18;s19;s20;s21;s22;s24;s25;s26;s27;s28;s29;s30,A2,580.0,580.0,2.6522260450115103,0.6764323567643236,580.0,-2.6522260450115103,10000,20260939
LOPO_s23,28,s1;s2;s3;s4;s6;s7;s8;s9;s10;s11;s12;s13;s14;s15;s16;s17;s18;s19;s20;s21;s22;s24;s25;s26;s27;s28;s29;s30,A2,900.0,980.0,13.166248711223579,0.16048395160483953,940.0,-3.128082711134078,10000,20260939
LOPO_s24,28,s1;s2;s3;s4;s6;s7;s8;s9;s10;s11;s12;s13;s14;s15;s16;s17;s18;s19;s20;s21;s22;s23;s25;s26;s27;s28;s29;s30,G_new,340.0,380.0,7.665368955881938,0.30896910308969106,360.0,2.927389958603516,10000,20260940
LOPO_s24,28,s1;s2;s3;s4;s6;s7;s8;s9;s10;s11;s12;s13;s14;s15;s16;s17;s18;s19;s20;s21;s22;s23;s25;s26;s27;s28;s29;s30,G_new,420.0,580.0,25.826841787313214,0.0415958404159584,440.0,3.975047301936854,10000,20260940
LOPO_s24,28,s1;s2;s3;s4;s6;s7;s8;s9;s10;s11;s12;s13;s14;s15;s16;s17;s18;s19;s20;s21;s22;s23;s25;s26;s27;s28;s29;s30,A2,40.0,80.0,7.20495650056415,0.34226577342265774,80.0,2.5946272386999345,10000,20260940
LOPO_s24,28,s1;s2;s3;s4;s6;s7;s8;s9;s10;s11;s12;s13;s14;s15;s16;s17;s18;s19;s20;s21;s22;s23;s25;s26;s27;s28;s29;s30,A2,580.0,580.0,2.3118731849329373,0.7573242675732427,580.0,-2.3118731849329373,10000,20260940
LOPO_s24,28,s1;s2;s3;s4;s6;s7;s8;s9;s10;s11;s12;s13;s14;s15;s16;s17;s18;s19;s20;s21;s22;s23;s25;s26;s27;s28;s29;s30,A2,900.0,980.0,12.595358914720997,0.1615838416158384,940.0,-2.974084148813262,10000,20260940
LOPO_s25,28,s1;s2;s3;s4;s6;s7;s8;s9;s10;s11;s12;s13;s14;s15;s16;s17;s18;s19;s20;s21;s22;s23;s24;s26;s27;s28;s29;s30,G_new,360.0,380.0,4.559477345939588,0.5689431056894311,360.0,2.4453230541717232,10000,20260941
LOPO_s25,28,s1;s2;s3;s4;s6;s7;s8;s9;s10;s11;s12;s13;s14;s15;s16;s17;s18;s19;s20;s21;s22;s23;s24;s26;s27;s28;s29;s30,G_new,420.0,560.0,21.105262816993744,0.0670932906709329,440.0,3.1245991034920886,10000,20260941
LOPO_s25,28,s1;s2;s3;s4;s6;s7;s8;s9;s10;s11;s12;s13;s14;s15;s16;s17;s18;s19;s20;s21;s22;s23;s24;s26;s27;s28;s29;s30,A2,40.0,100.0,9.923038736190053,0.22307769223077692,80.0,2.914830140145063,10000,20260941
LOPO_s25,28,s1;s2;s3;s4;s6;s7;s8;s9;s10;s11;s12;s13;s14;s15;s16;s17;s18;s19;s20;s21;s22;s23;s24;s26;s27;s28;s29;s30,A2,540.0,540.0,2.080111830156554,0.8583141685831417,540.0,-2.080111830156554,10000,20260941
LOPO_s25,28,s1;s2;s3;s4;s6;s7;s8;s9;s10;s11;s12;s13;s14;s15;s16;s17;s18;s19;s20;s21;s22;s23;s24;s26;s27;s28;s29;s30,A2,580.0,580.0,2.393897535162929,0.7191280871912809,580.0,-2.393897535162929,10000,20260941
LOPO_s25,28,s1;s2;s3;s4;s6;s7;s8;s9;s10;s11;s12;s13;s14;s15;s16;s17;s18;s19;s20;s21;s22;s23;s24;s26;s27;s28;s29;s30,A2,900.0,980.0,14.606896325464716,0.13258674132586742,940.0,-3.5619665433803496,10000,20260941
LOPO_s26,28,s1;s2;s3;s4;s6;s7;s8;s9;s10;s11;s12;s13;s14;s15;s16;s17;s18;s19;s20;s21;s22;s23;s24;s25;s27;s28;s29;s30,G_new,340.0,380.0,6.835700624569595,0.35906409359064095,360.0,2.5214611347758082,10000,20260942
LOPO_s26,28,s1;s2;s3;s4;s6;s7;s8;s9;s10;s11;s12;s13;s14;s15;s16;s17;s18;s19;s20;s21;s22;s23;s24;s25;s27;s28;s29;s30,G_new,440.0,580.0,21.875997760889298,0.058194180581941805,460.0,3.1284098371208056,10000,20260942
LOPO_s26,28,s1;s2;s3;s4;s6;s7;s8;s9;s10;s11;s12;s13;s14;s15;s16;s17;s18;s19;s20;s21;s22;s23;s24;s25;s27;s28;s29;s30,A2,20.0,80.0,10.446144167545567,0.19978002199780023,40.0,2.7900512172465315,10000,20260942
LOPO_s26,28,s1;s2;s3;s4;s6;s7;s8;s9;s10;s11;s12;s13;s14;s15;s16;s17;s18;s19;s20;s21;s22;s23;s24;s25;s27;s28;s29;s30,A2,540.0,540.0,2.28831485130461,0.7615238476152385,540.0,-2.28831485130461,10000,20260942
LOPO_s26,28,s1;s2;s3;s4;s6;s7;s8;s9;s10;s11;s12;s13;s14;s15;s16;s17;s18;s19;s20;s21;s22;s23;s24;s25;s27;s28;s29;s30,A2,580.0,580.0,2.7701994452283434,0.6523347665233477,580.0,-2.7701994452283434,10000,20260942
LOPO_s26,28,s1;s2;s3;s4;s6;s7;s8;s9;s10;s11;s12;s13;s14;s15;s16;s17;s18;s19;s20;s21;s22;s23;s24;s25;s27;s28;s29;s30,A2,900.0,980.0,12.632489925816401,0.15608439156084392,940.0,-2.9518082667836065,10000,20260942
LOPO_s27,28,s1;s2;s3;s4;s6;s7;s8;s9;s10;s11;s12;s13;s14;s15;s16;s17;s18;s19;s20;s21;s22;s23;s24;s25;s26;s28;s29;s30,G_new,340.0,380.0,7.017089265893393,0.35236476352364765,360.0,2.674645833641765,10000,20260943
LOPO_s27,28,s1;s2;s3;s4;s6;s7;s8;s9;s10;s11;s12;s13;s14;s15;s16;s17;s18;s19;s20;s21;s22;s23;s24;s25;s26;s28;s29;s30,G_new,420.0,560.0,21.715721578150443,0.055094490550944904,460.0,3.233203549658852,10000,20260943
LOPO_s27,28,s1;s2;s3;s4;s6;s7;s8;s9;s10;s11;s12;s13;s14;s15;s16;s17;s18;s19;s20;s21;s22;s23;s24;s25;s26;s28;s29;s30,A2,40.0,80.0,7.034197817467245,0.35066493350664935,80.0,2.5555230897227537,10000,20260943
LOPO_s27,28,s1;s2;s3;s4;s6;s7;s8;s9;s10;s11;s12;s13;s14;s15;s16;s17;s18;s19;s20;s21;s22;s23;s24;s25;s26;s28;s29;s30,A2,580.0,580.0,2.477959782468804,0.708929107089291,580.0,-2.477959782468804,10000,20260943
LOPO_s27,28,s1;s2;s3;s4;s6;s7;s8;s9;s10;s11;s12;s13;s14;s15;s16;s17;s18;s19;s20;s21;s22;s23;s24;s25;s26;s28;s29;s30,A2,900.0,980.0,14.103833812417829,0.1341865813418658,940.0,-3.2816046044048686,10000,20260943
LOPO_s28,28,s1;s2;s3;s4;s6;s7;s8;s9;s10;s11;s12;s13;s14;s15;s16;s17;s18;s19;s20;s21;s22;s23;s24;s25;s26;s27;s29;s30,G_new,340.0,380.0,7.110747024541211,0.3447655234476552,360.0,2.6447908050973368,10000,20260944
LOPO_s28,28,s1;s2;s3;s4;s6;s7;s8;s9;s10;s11;s12;s13;s14;s15;s16;s17;s18;s19;s20;s21;s22;s23;s24;s25;s26;s27;s29;s30,G_new,440.0,580.0,21.267667999293543,0.060193980601939805,460.0,3.216549527160008,10000,20260944
LOPO_s28,28,s1;s2;s3;s4;s6;s7;s8;s9;s10;s11;s12;s13;s14;s15;s16;s17;s18;s19;s20;s21;s22;s23;s24;s25;s26;s27;s29;s30,A2,40.0,80.0,7.002681833044301,0.3531646835316468,80.0,2.463347901585824,10000,20260944
LOPO_s28,28,s1;s2;s3;s4;s6;s7;s8;s9;s10;s11;s12;s13;s14;s15;s16;s17;s18;s19;s20;s21;s22;s23;s24;s25;s26;s27;s29;s30,A2,540.0,540.0,2.1741166240952263,0.8133186681331867,540.0,-2.1741166240952263,10000,20260944
LOPO_s28,28,s1;s2;s3;s4;s6;s7;s8;s9;s10;s11;s12;s13;s14;s15;s16;s17;s18;s19;s20;s21;s22;s23;s24;s25;s26;s27;s29;s30,A2,580.0,580.0,2.5410699501473832,0.6819318068193181,580.0,-2.5410699501473832,10000,20260944
LOPO_s28,28,s1;s2;s3;s4;s6;s7;s8;s9;s10;s11;s12;s13;s14;s15;s16;s17;s18;s19;s20;s21;s22;s23;s24;s25;s26;s27;s29;s30,A2,900.0,980.0,13.209824047438575,0.1478852114788521,940.0,-3.1371043723575953,10000,20260944
LOPO_s29,28,s1;s2;s3;s4;s6;s7;s8;s9;s10;s11;s12;s13;s14;s15;s16;s17;s18;s19;s20;s21;s22;s23;s24;s25;s26;s27;s28;s30,G_new,360.0,360.0,2.582354891763609,0.7027297270272973,360.0,2.582354891763609,10000,20260945
LOPO_s29,28,s1;s2;s3;s4;s6;s7;s8;s9;s10;s11;s12;s13;s14;s15;s16;s17;s18;s19;s20;s21;s22;s23;s24;s25;s26;s27;s28;s30,G_new,440.0,560.0,18.099680986350783,0.08089191080891911,460.0,3.06725474670971,10000,20260945
LOPO_s29,28,s1;s2;s3;s4;s6;s7;s8;s9;s10;s11;s12;s13;s14;s15;s16;s17;s18;s19;s20;s21;s22;s23;s24;s25;s26;s27;s28;s30,A2,40.0,80.0,7.8920123205028645,0.28747125287471254,80.0,2.7450241388563303,10000,20260945
LOPO_s29,28,s1;s2;s3;s4;s6;s7;s8;s9;s10;s11;s12;s13;s14;s15;s16;s17;s18;s19;s20;s21;s22;s23;s24;s25;s26;s27;s28;s30,A2,580.0,580.0,2.273024695703274,0.7993200679932007,580.0,-2.273024695703274,10000,20260945
LOPO_s29,28,s1;s2;s3;s4;s6;s7;s8;s9;s10;s11;s12;s13;s14;s15;s16;s17;s18;s19;s20;s21;s22;s23;s24;s25;s26;s27;s28;s30,A2,940.0,980.0,8.460965675943196,0.261973802619738,940.0,-2.934124974914818,10000,20260945
LOPO_s30,28,s1;s2;s3;s4;s6;s7;s8;s9;s10;s11;s12;s13;s14;s15;s16;s17;s18;s19;s20;s21;s22;s23;s24;s25;s26;s27;s28;s29,G_new,360.0,380.0,4.646455480889059,0.5486451354864513,360.0,2.4240336370640145,10000,20260946
LOPO_s30,28,s1;s2;s3;s4;s6;s7;s8;s9;s10;s11;s12;s13;s14;s15;s16;s17;s18;s19;s20;s21;s22;s23;s24;s25;s26;s27;s28;s29,G_new,420.0,580.0,23.81127152280994,0.053594640535946404,460.0,3.0405998332192503,10000,20260946
LOPO_s30,28,s1;s2;s3;s4;s6;s7;s8;s9;s10;s11;s12;s13;s14;s15;s16;s17;s18;s19;s20;s21;s22;s23;s24;s25;s26;s27;s28;s29,A2,40.0,80.0,8.097740687667125,0.2810718928107189,80.0,2.8081744101526187,10000,20260946
LOPO_s30,28,s1;s2;s3;s4;s6;s7;s8;s9;s10;s11;s12;s13;s14;s15;s16;s17;s18;s19;s20;s21;s22;s23;s24;s25;s26;s27;s28;s29,A2,580.0,580.0,2.2397659721654715,0.7863213678632137,580.0,-2.2397659721654715,10000,20260946
LOPO_s30,28,s1;s2;s3;s4;s6;s7;s8;s9;s10;s11;s12;s13;s14;s15;s16;s17;s18;s19;s20;s21;s22;s23;s24;s25;s26;s27;s28;s29,A2,900.0,980.0,12.64323967474718,0.16578342165783422,940.0,-2.980748210554078,10000,20260946
