contrast,time_ms,mean_beta_uV,sem_beta_uV,ci95_low,ci95_high,t,p_uncorrected,cohen_dz,n_subjects,p_fdr
Eye,0.0,0.03882136023172926,0.0452916098723026,-0.054109347044780945,0.13175206750823948,0.8571424230930214,0.3989105233263906,0.16198469211910296,28,0.6100295843199686
Eye,20.0,0.0666733354904263,0.05915090683608977,-0.05469430023334497,0.18804097121419755,1.12717351358926,0.2695871609449769,0.21301577152686185,28,0.5015594975240322
Eye,40.0,0.1362783881724173,0.06475397833372873,0.003414199363769521,0.2691425769810651,2.1045562246394565,0.044777393530433196,0.39772374218207046,28,0.2508694898769306
Eye,60.0,0.14826607180740656,0.0708560283418316,0.0028815105790445383,0.29365063303576855,2.0924976360815024,0.04592703556813699,0.39544488314729936,28,0.2508694898769306
Eye,80.0,0.0893285197321331,0.06645204633108877,-0.04701981681255657,0.22567685627682277,1.3442553640419928,0.19005235109307367,0.25404038512997934,28,0.47134204657906936
Eye,100.0,0.08168906352498002,0.07016207307025757,-0.06227161910009403,0.22564974615005406,1.164290904619933,0.2544911918691344,0.2200302990970547,28,0.5015594975240322
Eye,120.0,0.09954826826214877,0.07803465465212535,-0.06056561749608222,0.25966215402037973,1.2756930713146621,0.21293052692136916,0.24108332971048438,28,0.47134204657906936
Eye,140.0,0.04382912859337671,0.06783758546409466,-0.09536209942619209,0.1830203566129455,0.6460891597707994,0.5236756158891839,0.1220993743948723,28,0.7027829402169289
Eye,160.0,0.02469821334438698,0.05928338372415762,-0.09694124250105024,0.14633766918982422,0.4166127469934313,0.6802552039803704,0.07873240868314939,28,0.8295795170492323
Eye,180.0,0.016627557002772166,0.05832553739129658,-0.10304656050680205,0.13630167451234637,0.28508193402866705,0.7777567849370263,0.05387542147979821,28,0.8688096700102886
Eye,200.0,0.015451965196912212,0.06201271790587731,-0.11178762181225023,0.14269155220607466,0.2491741326410681,0.8051119015876634,0.047089484865606296,28,0.8688096700102886
Eye,220.0,0.05641123178711536,0.06634039040409392,-0.0797080057192204,0.1925304692934511,0.850330114783801,0.40261952565117926,0.16069728685906753,28,0.6100295843199686
Eye,240.0,-0.002418897372764651,0.07128427300081591,-0.14868214406095037,0.14384434931542106,-0.033933114148992784,0.9731801077871326,-0.006412755803443005,28,0.9748283001270976
Eye,260.0,0.04642953978861258,0.06676637295012056,-0.09056374170514858,0.18342282128237375,0.6954030560159213,0.4927450316290525,0.13141882479803188,28,0.6963222951341482
Eye,280.0,0.03637410275599719,0.08425792488431313,-0.13650887877694007,0.20925708428893441,0.43169948471837094,0.6693876319540774,0.08158353411996701,28,0.8295795170492323
Eye,300.0,-0.02127162274856163,0.08581552325725292,-0.19735053215551676,0.15480728665839352,-0.24787616437173918,0.8061056830186345,-0.04684419191915649,28,0.8688096700102886
Eye,320.0,-0.082492931302676,0.07496648758069173,-0.23631145823407956,0.07132559562872755,-1.1003974437762343,0.280873318613458,-0.20795556996879255,28,0.5015594975240322
Eye,340.0,-0.1402150710296126,0.07375175549353319,-0.29154117359523646,0.011111031536011284,-1.9011760478285447,0.0680020212957806,-0.35928850150764063,28,0.28334175539908585
Eye,360.0,-0.07372171065159848,0.07699087633614081,-0.23169394020865197,0.08425051890545503,-0.9575382715444203,0.34679178351086837,-0.18095772409522656,28,0.5979168681221869
Eye,380.0,-0.09179681090523409,0.0820423963100144,-0.26013390329929115,0.07654028148882297,-1.1188948035886297,0.2730410303192907,-0.2114512423955696,28,0.5015594975240322
Eye,400.0,-0.12297708157379823,0.06699411210982645,-0.26043764522524154,0.014483482077645063,-1.8356401436024168,0.07744855112013797,-0.34690337975563484,28,0.29787904276976146
Eye,420.0,-0.020559548179267813,0.06045576589450078,-0.14460453353879252,0.1034854371802569,-0.3400758864778184,0.7364309477699051,-0.0642683016078672,28,0.8563150555464013
Eye,440.0,0.002275433012351657,0.07144882949067803,-0.14432545570341804,0.14887632172812137,0.031847029945375575,0.9748283001270978,0.006018522945106479,28,0.9748283001270976
Eye,460.0,-0.0810244810574419,0.09027467808139374,-0.2662528204102794,0.10420385829539563,-0.8975327608965645,0.37736864258314345,-0.16961774849039335,28,0.608659100940554
Eye,480.0,-0.050153487300213774,0.08417654058009162,-0.2228694820341868,0.12256250743375927,-0.5958131203134219,0.5562622272692358,-0.1125980960156229,28,0.7131567016272253
Eye,500.0,-0.017821768901126626,0.07924755545850871,-0.18042432154735857,0.1447807837451053,-0.22488730154531375,0.823760294595015,-0.04249970520752084,28,0.8688096700102886
Eye,520.0,-0.06194318930430487,0.09089085922940442,-0.24843582794031058,0.12454944933170084,-0.6815117584922711,0.5013520524965868,-0.1287936163240615,28,0.6963222951341482
Eye,540.0,-0.16332281623681882,0.10213373097341506,-0.3728839222100595,0.046238289736421856,-1.5991075101264147,0.12143486796409535,-0.3022029136750139,28,0.34585715798546784
Eye,560.0,-0.06933070769310044,0.09052754108221786,-0.2550778790675177,0.11641646368131682,-0.7658521027333962,0.4504080870275741,-0.14473244320631828,28,0.6623648338640795
Eye,580.0,0.0968866728861433,0.08164562961860476,-0.07063632150255653,0.26440966727484316,1.1866731059425322,0.24569348954878809,0.224260137560896,28,0.5015594975240322
Eye,600.0,0.0842980888891248,0.09357346728796219,-0.10769880682518568,0.27629498460343527,0.9008759783337575,0.3756201001989498,0.17024955719879534,28,0.608659100940554
Eye,620.0,-0.03296106985817356,0.09273070441580311,-0.22322875899323147,0.15730661927688433,-0.35544936346408645,0.7250149299449147,-0.06717361567158435,28,0.8563150555464013
Eye,640.0,0.017821071042709666,0.0842458395149108,-0.15503711336048492,0.19067925544590425,0.21153651201440624,0.834057283209877,0.03997664314286755,28,0.8688096700102886
Eye,660.0,0.12963640507186833,0.08176641798103373,-0.03813442656489896,0.2974072367086356,1.5854480148798784,0.12450857687476843,0.2996215117137993,28,0.34585715798546784
Eye,680.0,0.20642083499861147,0.08456036421268405,0.03291729922233899,0.37992437077488395,2.441106266754328,0.021479978720072717,0.4613257218366608,28,0.170878644770093
Eye,700.0,0.21145044543123276,0.07947252779748906,0.048386287674517,0.3745146031879485,2.660673459010241,0.012965035541124319,0.5028200208922217,28,0.170878644770093
Eye,720.0,0.19393478733742847,0.07966671085905419,0.03047219884920982,0.3573973758256471,2.4343265241681253,0.021810838630827962,0.4600444709197947,28,0.170878644770093
Eye,740.0,0.18267249371226596,0.07633148847781687,0.026053216285118086,0.33929177113941383,2.393147275850038,0.023923010267813023,0.45226232447506354,28,0.170878644770093
Eye,760.0,0.16710217945114136,0.08180911275348163,-0.0007562546226286826,0.3349606135249114,2.042586379767697,0.05096930543574102,0.3860125423023614,28,0.2508694898769306
Eye,780.0,0.10510190758348611,0.08310991468182696,-0.06542555158275928,0.2756293667497315,1.264613349512534,0.21681734142637188,0.23898945910446925,28,0.47134204657906936
Eye,800.0,0.12631846420882145,0.08136639800749959,-0.04063159423904683,0.29326852265668973,1.552464743458087,0.1321952916360298,0.2933882593132705,28,0.3478823464106047
Eye,820.0,0.13721423548421469,0.07824690757576645,-0.023335157299955278,0.29776362826838465,1.7536058578589853,0.09084525726627299,0.3314003569657826,28,0.30281752422090996
Eye,840.0,0.04565053642866813,0.07248341987162309,-0.10307315640278161,0.19437422926011785,0.6298066027999335,0.534115034564866,0.11902226036250427,28,0.7027829402169289
Eye,860.0,0.09296515240803792,0.07213929543979151,-0.05505245541271335,0.24098276022878917,1.28868949774576,0.20843930872129826,0.24353942344400092,28,0.47134204657906936
Eye,880.0,0.14894365293913922,0.08440633621105953,-0.024243843483007593,0.32213114936128606,1.7646027493327399,0.08894208859153564,0.3334785741110912,28,0.30281752422090996
Eye,900.0,0.14771790801605805,0.08916956724523248,-0.03524293119905078,0.33067874723116686,1.6565955468843647,0.10917856609388135,0.3130671314337908,28,0.3411830190433792
Eye,920.0,0.17613126435501517,0.08788765263239208,-0.0041993033379457145,0.35646183204797605,2.0040501603987524,0.05519128777292474,0.3787298813795858,28,0.2508694898769306
Eye,940.0,0.17689308201070073,0.0693371028239541,0.0346250985121804,0.3191610655092211,2.5512038260356755,0.016714847341384124,0.48213220482334906,28,0.170878644770093
Eye,960.0,0.17787166342954902,0.06983278561392471,0.03458662285607289,0.32115670400302515,2.5471082367088234,0.01687298310549273,0.4813582111925561,28,0.170878644770093
Eye,980.0,0.18471608121680916,0.07173831515946638,0.03752121697173583,0.3319109454618825,2.574859484868102,0.015828044276958178,0.4866027041354912,28,0.170878644770093
FSlim,0.0,0.016892534667948617,0.052725896713019575,-0.09129206921661248,0.1250771385525097,0.3203840185002933,0.7511436479947816,0.060546888356520924,28,0.8927001796283349
FSlim,20.0,-0.02362515605602059,0.05645105846405458,-0.13945316050018045,0.09220284838813926,-0.41850687478364984,0.6788868704731629,-0.07909036518917043,28,0.8486085880914536
FSlim,40.0,-0.07684572292974354,0.058351195513097254,-0.19657248655662396,0.04288104069713687,-1.3169519879416196,0.19892339769290687,-0.24888053205040417,28,0.7373259271540862
FSlim,60.0,-0.06860910604738325,0.05133769682139561,-0.17394535903133568,0.03672714693656917,-1.3364274265375609,0.192563668824092,-0.2525610439931735,28,0.7373259271540862
FSlim,80.0,0.03204501124238496,0.060328772232837696,-0.09173940464673987,0.15582942713150977,0.5311729388210964,0.5996418501330872,0.1003822499491391,28,0.7785271770548774
FSlim,100.0,-0.03584287544330313,0.06364242411108662,-0.1664263433772113,0.09474059249060503,-0.5631915494095587,0.5779519852280687,-0.10643319858791699,28,0.7785271770548774
FSlim,120.0,-0.0355841301589932,0.06833349963224165,-0.17579289000232093,0.10462462968433453,-0.5207421008802484,0.6067910914148714,-0.09841100686646047,28,0.7785271770548774
FSlim,140.0,-0.07488076297466321,0.07191818381275462,-0.22244468721151156,0.07268316126218514,-1.0411937427344096,0.307019689933358,-0.19676712213655798,28,0.7376829501354486
FSlim,160.0,-0.035578954239305106,0.09124366833948071,-0.2227954973738576,0.1516375888952474,-0.3899334045506614,0.699644917673583,-0.07369048687984227,28,0.853225509358028
FSlim,180.0,-0.08671836391668619,0.1043641448814212,-0.3008559012107559,0.12741917337738354,-0.8309210410837534,0.41330611360269426,-0.15702931670274967,28,0.7785271770548774
FSlim,200.0,-0.14502446608333022,0.09442918411221445,-0.33877714769110706,0.048728215524446616,-1.535801325054245,0.13622393496185745,-0.2902391692355003,28,0.7373259271540862
FSlim,220.0,-0.14527150875803965,0.07984193864653384,-0.3090936349679444,0.018550617451865065,-1.819488745146424,0.07994323871738432,-0.34385105235274416,28,0.7373259271540862
FSlim,240.0,-0.10746802461248782,0.06103838876033015,-0.23270845334772045,0.017772404122744792,-1.760662867993872,0.08962000590756945,-0.3327340065241092,28,0.7373259271540862
FSlim,260.0,-0.04962022509185439,0.06039815292894651,-0.1735469984105099,0.07430654822680113,-0.8215520290865274,0.4185276084178727,-0.15525873986167532,28,0.7785271770548774
FSlim,280.0,-0.04432850878375372,0.0849822882464799,-0.21869776116820497,0.13004074360069753,-0.5216205599828606,0.606187450555148,-0.09857702003234996,28,0.7785271770548774
FSlim,300.0,-0.05689775771459561,0.08738531412253256,-0.23619761192342348,0.12240209649423227,-0.6511134998589466,0.5204767553701608,-0.12304888542169015,28,0.7785271770548774
FSlim,320.0,-0.09552144615474549,0.07844195917273693,-0.2564710517578677,0.06542815944837672,-1.2177340693951542,0.23386060840259584,-0.2301301079021606,28,0.7373259271540862
FSlim,340.0,0.0036644175730167366,0.07415084901392356,-0.14848055725667364,0.15580939240270714,0.049418416939887716,0.960949618478514,0.009339202957817464,28,0.9609496184785141
FSlim,360.0,0.09652510121162612,0.0757548201655983,-0.05891095057462452,0.25196115299787675,1.2741776826956288,0.21345897435797456,0.24079694818008582,28,0.7373259271540862
FSlim,380.0,0.01668442898456154,0.07318413733579242,-0.1334770173233015,0.1668458752924246,0.227978761408473,0.8213804520895115,0.043083936206524925,28,0.9186430950589478
FSlim,400.0,-0.007849924239614092,0.07820352047480426,-0.16831029404600822,0.15261044556678005,-0.10037814400111557,0.9207857733842308,-0.018969686149512985,28,0.9395773197798274
FSlim,420.0,0.08170665781635238,0.07873320697622682,-0.07984053891782826,0.243253854550533,1.0377661593414247,0.308584021333294,0.19611936976114566,28,0.7376829501354486
FSlim,440.0,0.12182555857500026,0.08633371264093065,-0.05531658762270096,0.29896770477270146,1.41110065637607,0.16963445763427495,0.26667295797507795,28,0.7373259271540862
FSlim,460.0,0.10154136588709428,0.08650002606163315,-0.07594202726250454,0.2790247590366931,1.1738882692907384,0.2506908152323893,0.22184403053709384,28,0.7373259271540862
FSlim,480.0,0.0782064254765529,0.08077537770384209,-0.08753095947641149,0.2439438104295173,0.9681963452191076,0.3415397625443812,0.1829719106950999,28,0.7762267330554118
FSlim,500.0,0.04394863334407151,0.07127499971860254,-0.10229558614068088,0.1901928528288239,0.616606573378927,0.5426589161245556,0.11652768928059579,28,0.7785271770548774
FSlim,520.0,0.12447043493618859,0.07534250201294354,-0.03011960988194623,0.2790604797543234,1.6520613413502656,0.11010623814629489,0.31221024713118506,28,0.7373259271540862
FSlim,540.0,0.11979062013304671,0.07531755626379315,-0.034748240235724884,0.2743294805018183,1.590474068402997,0.12337022228449612,0.30057134654939016,28,0.7373259271540862
FSlim,560.0,0.08874964990817351,0.0741939509971688,-0.06348376288606027,0.24098306270240727,1.1961844424697121,0.24202384343989558,0.22605761120995052,28,0.7373259271540862
FSlim,580.0,0.06907458292516326,0.08741228187491384,-0.11028060454096143,0.24842977039128794,0.7902159907461097,0.4362875062992785,0.14933678525290886,28,0.7785271770548774
FSlim,600.0,0.040239017238663154,0.0773718934745475,-0.1185149949102752,0.19899302938760152,0.5200727994578588,0.6072511981028044,0.09828452078676156,28,0.7785271770548774
FSlim,620.0,0.04611719932046587,0.07329731154932645,-0.10427646129240495,0.1965108599333367,0.6291799568860127,0.5345190112814363,0.11890383541619506,28,0.7785271770548774
FSlim,640.0,0.040554006182882914,0.06879337517227513,-0.10059834032726836,0.18170635269303417,0.5895045283259608,0.5604238732935,0.11140588419263743,28,0.7785271770548774
FSlim,660.0,-0.018542425106325724,0.062150481315195905,-0.1460646792827824,0.10897982907013096,-0.29834724870895035,0.7677221544803681,-0.05638233031601563,28,0.8927001796283349
FSlim,680.0,0.00924557729221861,0.05538509567772538,-0.10439525217751862,0.12288640676195585,0.16693258681029902,0.8686670261328069,0.031547293600910874,28,0.9312882244908718
FSlim,700.0,0.044448811968069254,0.07464366954764125,-0.10870734707185119,0.19760497100798968,0.5954799949873826,0.5564815843306664,0.11253514124647167,28,0.7785271770548774
FSlim,720.0,0.008222231537574756,0.0773463214343383,-0.1504793111188937,0.16692377419404322,0.10630410580747353,0.9161269792690826,0.02008958766511943,28,0.9395773197798274
FSlim,740.0,-0.058106599883631684,0.06640126361689745,-0.1943507389056339,0.07813753913837054,-0.875082742685111,0.38924719831765825,-0.16537509383922355,28,0.7785271770548774
FSlim,760.0,-0.14169195660304132,0.07385903940409105,-0.29323818757027514,0.009854274364192506,-1.9184104985149997,0.06569033247577524,-0.36254550654329537,28,0.7373259271540862
FSlim,780.0,-0.14929453799084139,0.06991112188948484,-0.2927403113250592,-0.005848764656623567,-2.1354905193317517,0.0419445845916908,-0.4035697743777133,28,0.7373259271540862
FSlim,800.0,-0.10740160108347092,0.07587425971722433,-0.2630827225866226,0.04827952041968074,-1.4155209089847571,0.1683479181429044,-0.267508307198983,28,0.7373259271540862
FSlim,820.0,-0.08975143686148239,0.08671203419753355,-0.26766983477406375,0.08816696105109899,-1.035051682180872,0.3098268390568884,-0.1956063817964037,28,0.7376829501354486
FSlim,840.0,-0.013667648197180651,0.08634888600667262,-0.19084092756974896,0.16350563117538763,-0.1582840130227561,0.8754109310214194,-0.029912866783965836,28,0.9312882244908718
FSlim,860.0,0.017013220720459993,0.07699355316391,-0.1409645012334977,0.1749909426744177,0.22096941914397553,0.826778785553053,0.041759295028953876,28,0.9186430950589478
FSlim,880.0,0.044467912230187256,0.07382576683781031,-0.10701004907019013,0.19594587353056464,0.6023359341174193,0.5519760685835274,0.11383079195660546,28,0.7785271770548774
FSlim,900.0,0.03707621069005055,0.07006580210847987,-0.10668694023779712,0.1808393616178982,0.5291627238156361,0.6010165045276771,0.10000235502155208,28,0.7785271770548774
FSlim,920.0,0.04722671219859031,0.07069557750086525,-0.09782863109788201,0.19228205549506264,0.6680292299474079,0.5097856333909246,0.12624565792591597,28,0.7785271770548774
FSlim,940.0,0.07642920684400238,0.06794918722944132,-0.06299100908339776,0.2158494227714025,1.124799426752919,0.27057437455682115,0.21256711128687397,28,0.7376829501354486
FSlim,960.0,0.11779688825929388,0.06770308454251793,-0.02111836666488906,0.2567121431834768,1.7399043050293632,0.09326479655912176,0.3288110068684545,28,0.7373259271540862
FSlim,980.0,0.1284141169772836,0.06315492603967787,-0.0011690875369828047,0.25799732149155,2.0333190936935917,0.051957680734658264,0.38426118985374885,28,0.7373259271540862
Mouth,0.0,-0.0700337061873574,0.050269921168594946,-0.17317906450213877,0.033111652127423966,-1.3931532924525343,0.1749382676098671,-0.26328122500144596,28,0.4361092713399427
Mouth,20.0,-0.045643900114017213,0.06015752382163037,-0.16907694328712808,0.07778914305909365,-0.7587396756780302,0.4545812837017061,-0.14338832083441935,28,0.7653715195325603
Mouth,40.0,-0.019530183765769645,0.055691952278765285,-0.13380063097370398,0.09474026344216468,-0.35068233320339687,0.7285480690902799,-0.06627273163143406,28,0.8094978545447554
Mouth,60.0,-0.013216323722473253,0.04403219997274214,-0.10356293533430792,0.07713028788936142,-0.3001513376723111,0.7663605680172976,-0.056723271083164835,28,0.8152772000184016
Mouth,80.0,-0.028829824213797962,0.05328180558602638,-0.1381550588883766,0.08049541046078065,-0.5410819677882469,0.5928877917743335,-0.10225488040494021,28,0.7675167515377466
Mouth,100.0,0.004328584165325569,0.061958562369431106,-0.12279988486152017,0.13145705319217132,0.06986256620216853,0.9448179227676424,0.01320278400883744,28,0.9448179227676424
Mouth,120.0,-0.03726171908185826,0.055183265418684714,-0.15048842706694673,0.07596498890323022,-0.675235849113809,0.5052680191040855,-0.12760758093361943,28,0.7659707310099686
Mouth,140.0,-0.14391424864000543,0.0695112174088901,-0.28653948575726174,-0.0012890115227491006,-2.070374451844942,0.04810463687650248,-0.3912639943116706,28,0.33211820519553925
Mouth,160.0,-0.17088073138574095,0.08683260977813559,-0.34904652995414387,0.007285067182662003,-1.9679326905220882,0.05942467414788487,-0.37190432114540584,28,0.33211820519553925
Mouth,180.0,-0.16503949994516312,0.10796620250404593,-0.3865678489914547,0.05648884910112842,-1.5286218846029933,0.13799026965873237,-0.2888823825221711,28,0.43121959268353866
Mouth,200.0,-0.11135800174078223,0.1262167959993203,-0.3703334754645543,0.14761747198298988,-0.882275618384275,0.3854154430881574,-0.1667344195757513,28,0.6882418626574239
Mouth,220.0,-0.16294023414246434,0.14165264992573517,-0.45358746400038646,0.1277069957154578,-1.1502801693289162,0.26011492961038035,-0.21738251900668423,28,0.5202298592207607
Mouth,240.0,-0.1799420086944858,0.13171542179935775,-0.4501997306334805,0.09031571324450893,-1.366142295536142,0.1831658939627759,-0.25817662639396693,28,0.4361092713399427
Mouth,260.0,-0.15533185851798728,0.11182973732946816,-0.3847875262205645,0.07412380918458994,-1.3890031598693198,0.17618314095454243,-0.2624969236640794,28,0.4361092713399427
Mouth,280.0,-0.14923153160991753,0.10281614296597841,-0.3601928313343118,0.061729768114476724,-1.4514406717172599,0.15817825411512157,-0.27429650429488645,28,0.4361092713399427
Mouth,300.0,-0.21773950661881852,0.09889587540113765,-0.42065708172090466,-0.01482193151673239,-2.201704628586702,0.03641318536003958,-0.41608306483287455,28,0.3034432113336632
Mouth,320.0,-0.24464088109013446,0.08544948883314857,-0.41996874989563,-0.06931301228463893,-2.8629882335262193,0.008016726507001195,-0.5410539194581779,28,0.20041816267502988
Mouth,340.0,-0.2679679727255052,0.08534319894544631,-0.44307775269582,-0.09285819275519042,-3.1398866697837002,0.004066491417106432,-0.5933828052267468,28,0.20041816267502988
Mouth,360.0,-0.1934694984174413,0.07261822530873266,-0.3424697891585399,-0.04446920767634269,-2.664200310526946,0.01285840598948446,-0.5034865331796683,28,0.2050554447819472
Mouth,380.0,-0.1724031021744703,0.0677382175323252,-0.31139044403927496,-0.033415760309665615,-2.5451378624215817,0.016949554597658133,-0.48098584545300216,28,0.2050554447819472
Mouth,400.0,-0.16698966252290406,0.09381954736945262,-0.3594914728579146,0.02551214781210645,-1.7799026663954618,0.08635073335084022,-0.33636998665593953,28,0.33211820519553925
Mouth,420.0,-0.16513924050162873,0.08792039054793381,-0.34553698084874407,0.015258499845486634,-1.8782814711405944,0.07118194647495885,-0.35496183320132535,28,0.33211820519553925
Mouth,440.0,-0.14478461917836632,0.07869904621928363,-0.30626172382898487,0.01669248547225219,-1.8397252080405742,0.0768282991937409,-0.3476753843694232,28,0.33211820519553925
Mouth,460.0,-0.13940495215056045,0.08518755589109984,-0.314195378952289,0.035385474651168064,-1.6364473741771606,0.1133512128194267,-0.3092594846941021,28,0.37783737606475565
Mouth,480.0,-0.16315886430824292,0.08575199464149579,-0.33910742376271785,0.012789695146231989,-1.9026830220143893,0.06779710582588121,-0.35957329285963624,28,0.33211820519553925
Mouth,500.0,-0.08818762113278321,0.09098364748123897,-0.2748706455354739,0.09849540326990748,-0.9692689134162015,0.3410142215758967,-0.18317460703179045,28,0.6315078177331421
Mouth,520.0,-0.1203163975987485,0.08642224552448627,-0.29764019826864113,0.05700740307114412,-1.3921924484669737,0.1752258637625213,-0.2630996425561227,28,0.4361092713399427
Mouth,540.0,-0.23712890169217343,0.09632938016093195,-0.4347804635400041,-0.039477339844342735,-2.461646709404917,0.02050554447819472,-0.46520750062756383,28,0.2050554447819472
Mouth,560.0,-0.18605255396884715,0.10381045046500503,-0.39905400416250947,0.02694889622481514,-1.7922333747272037,0.08430939702860768,-0.33870027149415816,28,0.33211820519553925
Mouth,580.0,-0.045599159024215574,0.09208340494329119,-0.23453869934827193,0.14334038129984078,-0.4951941020458295,0.6244692801182903,-0.09358288890851471,28,0.7675167515377466
Mouth,600.0,0.051034985105212836,0.09267069126496831,-0.13910956721557208,0.24117953742599776,0.5507133313518862,0.5863584937195753,0.10407503703178579,28,0.7675167515377466
Mouth,620.0,0.06488303886830059,0.08640997675453983,-0.11241558836501626,0.24218166610161745,0.7508743932730169,0.45922291171953616,0.14190192217477954,28,0.7653715195325603
Mouth,640.0,0.04177355612235367,0.08557002069115718,-0.133801623627612,0.21734873587231934,0.48817980625626467,0.6293637362609522,0.09225731160269786,28,0.7675167515377466
Mouth,660.0,0.02252246247963111,0.07495336742949174,-0.13126914412515947,0.17631406908442168,0.3004863323961779,0.766107823718199,0.05678657913529843,28,0.8152772000184016
Mouth,680.0,0.04016546952937981,0.07107006470395016,-0.10565825803841349,0.1859891970971731,0.5651531301778506,0.5766359444955865,0.10680390250859324,28,0.7675167515377466
Mouth,700.0,0.0362290878544964,0.07346654443988883,-0.11451180996762249,0.18696998567661527,0.4931372249873472,0.6259027347043549,0.0931941756817877,28,0.7675167515377466
Mouth,720.0,0.02685173192084909,0.07542434666652573,-0.12790624425511643,0.1816097080968146,0.35600881025286,0.724600692972503,0.0672793411769321,28,0.8094978545447554
Mouth,740.0,0.011092680183467703,0.07487610318164871,-0.14254039327976564,0.16472575364670106,0.14814713522893902,0.8833275188377641,0.02799717694731633,28,0.901354611058943
Mouth,760.0,-0.06793176562435599,0.06405122552972783,-0.19935402478421263,0.06349049353550065,-1.0605849468536255,0.2982741867147052,-0.2004317152595249,28,0.5736042052205869
Mouth,780.0,-0.10459667094763367,0.062455496406446306,-0.23274476439630495,0.023551422501037617,-1.6747392457973926,0.10553156171666234,-0.3164959682328411,28,0.3768984347023655
Mouth,800.0,-0.08090365589909944,0.06479611529268764,-0.2138543026060108,0.0520469908078119,-1.2485880601584392,0.22253414491269935,-0.23596096408169887,28,0.4732150104409664
Mouth,820.0,-0.04549927490155391,0.06316903519557089,-0.17511142901244342,0.08411287920933559,-0.7202781356512485,0.47754360078024616,-0.13611977298074643,28,0.7659707310099686
Mouth,840.0,-0.0270146661323374,0.06075660899144577,-0.1516769305388463,0.09764759827417148,-0.44463749015585996,0.6601256686869976,-0.08402858732345253,28,0.7795983327964214
Mouth,860.0,-0.03889794330270524,0.062077111887201004,-0.1662696558478253,0.08847376924241482,-0.62660684622999,0.536179511706978,-0.11841756320964601,28,0.7659707310099686
Mouth,880.0,-0.041047762507266335,0.06405288175263295,-0.17247341995582177,0.09037789494128912,-0.6408417761091448,0.5270278215199717,-0.12110771209469506,28,0.7659707310099686
Mouth,900.0,-0.016859486553122784,0.06882999922603572,-0.15808697941441724,0.12436800630817169,-0.244943872478579,0.8083519899011059,-0.04629004083910272,28,0.842033322813652
Mouth,920.0,0.031225352104784523,0.07258099332977318,-0.11769854492569606,0.18014924913526512,0.43021389860168374,0.6704545662049224,0.08130278473311525,28,0.7795983327964214
Mouth,940.0,0.049184302331595424,0.07452426296159974,-0.10372685463121631,0.20209545929440717,0.659977038041137,0.5148596160307624,0.12472393669070456,28,0.7659707310099686
Mouth,960.0,0.09968842634206607,0.0806610351214886,-0.06581434701109226,0.2651911996952244,1.2358932189739336,0.22714320501166388,0.23356186460258013,28,0.4732150104409664
Mouth,980.0,0.10260282539286276,0.08117339043002268,-0.06395121421762646,0.269156865003352,1.2639958100716984,0.21703555350323117,0.23887275511981038,28,0.4732150104409664
Skin,0.0,-0.023955327937835807,0.04154243324096317,-0.10919336019048902,0.0612827043148174,-0.5766472030871439,0.5689546192673801,-0.10897607811353859,28,0.6779362417235206
Skin,20.0,0.02824572710916409,0.05502783712246082,-0.08466206835460767,0.14115352257293584,0.5132988790074574,0.6119171137013751,0.09700437015014035,28,0.6779362417235206
Skin,40.0,0.05276029241277091,0.05767367437289933,-0.06557631266309089,0.1710968974886327,0.9148071973295807,0.3683909255478437,0.17288231012186156,28,0.5382498397729686
Skin,60.0,0.07351628160169535,0.0629565155559965,-0.055659818227364016,0.20269238143075471,1.1677311069782204,0.25312409581189205,0.2206804362327523,28,0.45941251446955983
Skin,80.0,0.13067687001000536,0.061732099307248094,0.004013064805002298,0.2573406752150084,2.1168382652857924,0.043632864219701646,0.4000448296922557,28,0.24240480122056474
Skin,100.0,0.06317154486606154,0.05212328690361775,-0.04377660582203852,0.1701196955541616,1.2119639535179996,0.23602592702017983,0.22903965849880514,28,0.45941251446955983
Skin,120.0,-0.02431111554604234,0.05784440571194154,-0.14299803239347048,0.09437580130138579,-0.4202846454522999,0.6776036105520297,-0.07942633226612422,28,0.6914322556653364
Skin,140.0,-0.027634611805122593,0.06523116025271286,-0.16147789703705462,0.10620867342680944,-0.42364127355795894,0.675183368673479,-0.08006067535264592,28,0.6914322556653364
Skin,160.0,-0.0351376687827123,0.06629377179100707,-0.17116125279608044,0.10088591523065585,-0.5300297121950576,0.6004234435579534,-0.10016620042451864,28,0.6779362417235206
Skin,180.0,-0.07901567812144049,0.06827367927135033,-0.21910169672278457,0.061070340479903576,-1.1573373365070398,0.2572710081029535,-0.21871619824339297,28,0.45941251446955983
Skin,200.0,-0.12522771040492536,0.062438863813172284,-0.2533416765911488,0.002886255781298086,-2.0056052073533563,0.05501513013498811,-0.37902375763093654,28,0.25006877334085503
Skin,220.0,-0.07105723131323437,0.05886116234933693,-0.19183036045710422,0.0497158978306355,-1.2072006137343096,0.23782469736229184,-0.22813947189325198,28,0.45941251446955983
Skin,240.0,-0.0597697814817169,0.068053063571807,-0.19940313405832327,0.0798635710948895,-0.8782820103117047,0.3875398846365374,-0.16597969859047407,28,0.5382498397729686
Skin,260.0,0.043334902017814016,0.08146839194785292,-0.1238244307093673,0.21049423474499532,0.5319228842218002,0.5991293969991708,0.10052397630822046,28,0.6779362417235206
Skin,280.0,0.08258226725163263,0.08994494123716604,-0.1019695079818106,0.2671340424850759,0.9181424337571186,0.36667386366392307,0.1735126105612093,28,0.5382498397729686
Skin,300.0,-0.009049127590898456,0.07833099603115826,-0.16977105563392503,0.1516728004521281,-0.11552422475642876,0.9088845369854329,-0.021832026364931558,28,0.9088845369854329
Skin,320.0,-0.12086443887082428,0.07507934848103431,-0.2749145372416682,0.03318565950001963,-1.609822691806598,0.11906779957028524,-0.3042278926734882,28,0.3968926652342841
Skin,340.0,-0.06412965309305847,0.09354405913632376,-0.2560662082644039,0.127806902078287,-0.6855555947128718,0.49883784951335136,-0.12955782953708894,28,0.656365591464936
Skin,360.0,-0.04951176013888629,0.09729068919845209,-0.2491357652056691,0.1501122449278965,-0.5089054312061964,0.6149522794619046,-0.09617408655869178,28,0.6779362417235206
Skin,380.0,-0.15106996799924435,0.09825003876821709,-0.3526623957892432,0.05052245979075448,-1.537607210065692,0.1357825520202141,-0.2905804494238337,28,0.3993604471182768
Skin,400.0,-0.15175974793199373,0.09804594730060136,-0.35293341462058536,0.049413918756597924,-1.5478431501784562,0.13330274737348433,-0.2925148602790712,28,0.3993604471182768
Skin,420.0,-0.18655257752174012,0.0910357523925648,-0.37334251237154764,0.00023735732806740018,-2.049223218557993,0.0502717258604943,-0.38726678694027206,28,0.25006877334085503
Skin,440.0,-0.17724945724771035,0.08054532691328506,-0.3425148169682694,-0.011984097527151294,-2.2006175161289834,0.036498434187055874,-0.4158776198892829,28,0.2281152136690992
Skin,460.0,-0.21522814884718605,0.08484647994215028,-0.3893187456084224,-0.04113755208594974,-2.536677408348963,0.017282012471069943,-0.4793869699205141,28,0.17282012471069944
Skin,480.0,-0.26472440550986864,0.0964929266917479,-0.46271153712049196,-0.0667372738992453,-2.7434591797131995,0.010667886875400502,-0.5184650515413132,28,0.15304220753497472
Skin,500.0,-0.19513682464956789,0.08662963730723872,-0.37288615810817927,-0.017387491190956533,-2.252541170840875,0.032621529886793676,-0.42569026828422957,28,0.2281152136690992
Skin,520.0,-0.1928790212739824,0.08106981867264532,-0.3592205491920393,-0.026537493355925534,-2.3791717365597593,0.024681388982482632,-0.4496211958036288,28,0.2056782415206886
Skin,540.0,-0.21652216343059902,0.08063862383072389,-0.3819789526134526,-0.05106537424774543,-2.685092492217142,0.012243376602797977,-0.5074347844009423,28,0.15304220753497472
Skin,560.0,-0.2886804785759874,0.09310007787550964,-0.47970605944764905,-0.09765489770432573,-3.100754426457101,0.004481771961755825,-0.5859875063634434,28,0.11204429904389562
Skin,580.0,-0.3010855547191171,0.08932402721117402,-0.4843633196059193,-0.11780778983231488,-3.3707118243483385,0.00227386726179033,-0.6370046591778954,28,0.11204429904389562
Skin,600.0,-0.12093637328911298,0.09441800658246476,-0.31466612050025056,0.07279337392202458,-1.2808613279023962,0.21113575147898883,-0.24206003839926407,28,0.45941251446955983
Skin,620.0,0.08845962059872182,0.09051060134789737,-0.0972527933118756,0.27417203450931926,0.9773398837414398,0.33707712979251647,0.18469987705461632,28,0.5382498397729686
Skin,640.0,-0.07543963753017925,0.08440011960402419,-0.24861437852830198,0.0977351034679435,-0.893833301233643,0.37930967099854984,-0.16891861632943586,28,0.5382498397729686
Skin,660.0,-0.1592698447608445,0.08776377680097255,-0.3393462402426444,0.02080655072095544,-1.8147560481818228,0.08068717741100229,-0.34295665669567515,28,0.3103352977346242
Skin,680.0,-0.08616606171421075,0.08587542857999919,-0.2623678866904763,0.09003576326205477,-1.003384357307059,0.3245836578606554,-0.18962181991763238,28,0.5382498397729686
Skin,700.0,-0.04591895649106311,0.07281375824947954,-0.1953204476869633,0.10348253470483706,-0.6306357149390971,0.5335807853376966,-0.11917894782887654,28,0.6676433739240369
Skin,720.0,-0.043711918176255415,0.06940524577290516,-0.1861197194569165,0.09869588310440566,-0.6298071232148844,0.5341146991392296,-0.11902235871168561,28,0.6676433739240369
Skin,740.0,-0.03816374592484329,0.08002208979470546,-0.2023555117581455,0.12602801990845894,-0.4769151370921625,0.6372600672201094,-0.09012848923058127,28,0.6779362417235206
Skin,760.0,-0.036653540286085494,0.07666559822676797,-0.1939583542919848,0.1206512737198138,-0.47809631873827635,0.6364300136941883,-0.09035171157978207,28,0.6779362417235206
Skin,780.0,-0.05700399509072603,0.08061362774221999,-0.22240949653639466,0.10840150635494258,-0.707126036716881,0.485547044793468,-0.1336342599093997,28,0.656144655126308
Skin,800.0,-0.10026630232609506,0.08268631956330748,-0.2699246161015301,0.06939201144934,-1.212610536490595,0.23578254473469182,-0.229161851195052,28,0.45941251446955983
Skin,820.0,-0.0878942050638144,0.08061910001468106,-0.2533109346851131,0.07752252455748435,-1.0902404647013986,0.2852419920048686,-0.20603608134709953,28,0.4917965379394287
Skin,840.0,-0.08557026899469451,0.06843582969639558,-0.22598899278640666,0.05484845479701762,-1.2503723469754526,0.22189203900751334,-0.23629816259494374,28,0.45941251446955983
Skin,860.0,-0.0854215279583898,0.06584433747566452,-0.2205229489283847,0.049679893011605095,-1.2973253469208468,0.20549533053706467,-0.24517144553522538,28,0.45941251446955983
Skin,880.0,-0.10003036858123768,0.06706556015355085,-0.23763753150913752,0.03757679434666217,-1.491531098110741,0.1474145139802286,-0.2818728827371501,28,0.4094847610561905
Skin,900.0,-0.10280805240752602,0.0707127176605538,-0.24789856440670466,0.04228245959165261,-1.4538834853023361,0.1575048673627091,-0.27475815266955805,28,0.4144864930597608
Skin,920.0,-0.06682824994613083,0.0713992542364107,-0.21332741864233257,0.07967091875007089,-0.9359796633849312,0.35758047879919413,-0.17688353010931973,28,0.5382498397729686
Skin,940.0,-0.0860613149666322,0.07368894885387829,-0.23725854895237458,0.06513591901911016,-1.1678998860098782,0.2530571643030966,-0.22071233247163005,28,0.45941251446955983
Skin,960.0,-0.14460835779517137,0.08338385235710938,-0.3156978906431749,0.02648117505283215,-1.7342489427791703,0.09427927729552378,-0.32774224386216927,28,0.33671170462687067
Skin,980.0,-0.16078110248958957,0.08489121444787423,-0.3349634868748099,0.013401281895630807,-1.8939663372151903,0.06898984217161926,-0.35792599427137783,28,0.28745767571508024
Structural,0.0,0.027856947449838933,0.03807802540760557,-0.0502727070887978,0.10598660198847568,0.731575420512086,0.4707301386357547,0.13825475914017718,28,0.8717224789551012
Structural,20.0,0.021524089717202852,0.04422319784304987,-0.06921441715351198,0.11226259658791768,0.4867149090753866,0.6303881012302024,0.09198047205720622,28,0.9332513793369843
Structural,40.0,0.029716332621336876,0.049778380405218044,-0.07242046735505375,0.1318531325977275,0.5969726692478297,0.5554990326602389,0.11281723016658382,28,0.9278629553593662
Structural,60.0,0.03982848288001166,0.04582922954769461,-0.054205328852728094,0.1338622946127514,0.8690628944255334,0.39247282032224295,0.1642374494517102,28,0.8203111273420906
Structural,80.0,0.06068676548725902,0.048933054334272044,-0.039715568660388216,0.16108909963490625,1.2401998263320106,0.22557162999398556,0.23437573689285673,28,0.5936095526157515
Structural,100.0,0.022923094040838442,0.05174297506018435,-0.08324472120112608,0.12909090928280298,0.4430184776614732,0.6612817072322644,0.08372262272133439,28,0.9332513793369843
Structural,120.0,0.0319820690515778,0.05545639617479979,-0.08180505695389693,0.14576919505705255,0.576706588555982,0.5689150672066544,0.10898730091225549,28,0.9278629553593662
Structural,140.0,-0.015525817190643245,0.05412112660524158,-0.12657319634557093,0.09552156196428445,-0.2868716555715524,0.7764006080120172,-0.05421364705969318,28,0.9484663955887551
Structural,160.0,-0.00544037044745907,0.06509098082604572,-0.13899603125397278,0.12811529035905464,-0.08358101811368222,0.9340061737192393,-0.015795327732456288,28,0.9557264184899176
Structural,180.0,-0.03504540345695701,0.0655643873908815,-0.16957241429990283,0.09948160738598882,-0.5345188882498584,0.5973571150251227,-0.10101457495541787,28,0.9332513793369843
Structural,200.0,-0.064786250443209,0.0476172582605295,-0.16248879405328637,0.03291629316686835,-1.3605623845191246,0.18490273187022155,-0.2571221223304742,28,0.5602682759342617
Structural,220.0,-0.04443013848546216,0.04325874955556561,-0.13318976092834964,0.044329483957425315,-1.0270786590442682,0.31349744361309934,-0.19409962205234527,28,0.714181346081721
Structural,240.0,-0.05494346099262624,0.03947937677022037,-0.13594845102138725,0.02606152903613477,-1.391700312606519,0.1753733122212672,-0.2630066376205499,28,0.5602682759342617
Structural,260.0,-0.0015953426516209057,0.03992099179740166,-0.08350645186968876,0.08031576656644694,-0.039962500423768074,0.9684170620357999,-0.0075522027064002595,28,0.9684170620357999
Structural,280.0,-0.00397720301387826,0.04954573190228948,-0.1056366476923466,0.09768224166459008,-0.08027337292588214,0.9366118901201191,-0.015170241547302106,28,0.9557264184899176
Structural,300.0,-0.03908469023157862,0.05240295751887577,-0.1466066776226279,0.06843729715947065,-0.7458489383447519,0.46220327140466433,-0.14095220046298287,28,0.8717224789551012
Structural,320.0,-0.08900718872871075,0.04591289892866794,-0.1832126758506266,0.0051982983932050975,-1.9386096457772306,0.06306832311054839,-0.3663627865683978,28,0.3941770194409274
Structural,340.0,-0.06827532672829793,0.03890572510733736,-0.14810328076932594,0.01155262731273006,-1.7548915112090187,0.09062098548649995,-0.3316433226112416,28,0.4119135703931816
Structural,360.0,0.01140169528001382,0.03514539078850906,-0.06071069005347417,0.08351408061350181,0.3244150946741401,0.7481238432980364,0.061308690147374965,28,0.9484663955887551
Structural,380.0,-0.03755619096033626,0.04333293315470926,-0.12646802557576903,0.0513556436550965,-0.8666893336357221,0.39374934112420346,-0.163788888625172,28,0.8203111273420906
Structural,400.0,-0.06541350290670615,0.05235709010249384,-0.1728413781331109,0.04201437231969858,-1.2493723921374007,0.22225171686684414,-0.23610918889324511,28,0.5936095526157515
Structural,420.0,0.030573554818542285,0.041576702545415054,-0.05473479223876385,0.11588190187584843,0.7353530450171266,0.46846453337530003,0.1389686630678144,28,0.8717224789551012
Structural,440.0,0.062050495793675955,0.04370266344003453,-0.027619962704054146,0.15172095429140606,1.4198332758097667,0.1671002460944879,0.2683232679262016,28,0.5602682759342617
Structural,460.0,0.010258442414826182,0.051445895904375386,-0.09529981674943933,0.11581670157909169,0.19940254192276038,0.8434419844448888,0.03768353833726824,28,0.9484663955887551
Structural,480.0,0.014026469088169563,0.05510186832150201,-0.09903322584896654,0.12708616402530568,0.2545552358829204,0.8009954575602162,0.04810641779111376,28,0.9484663955887551
Structural,500.0,0.013063432221472448,0.0468674879090786,-0.08310070970114579,0.10922757414409069,0.27873122294958674,0.7825748378170467,0.05267524989667898,28,0.9484663955887551
Structural,520.0,0.031263622815941874,0.05149373096281775,-0.07439278578099329,0.13692003141287704,0.6071345430090607,0.5488338628107027,0.11473764379705881,28,0.9278629553593662
Structural,540.0,-0.02176609805188606,0.054099610896477204,-0.1327693306189873,0.08923713451521519,-0.4023337264576037,0.6906060207093684,-0.07603392744719338,28,0.9332513793369843
Structural,560.0,0.009709471107536533,0.059971545633810575,-0.11334197634440597,0.13276091855947902,0.16190129843948123,0.8725890839416548,0.030596469472094066,28,0.9484663955887551
Structural,580.0,0.08298062790565328,0.05470835680698294,-0.02927164809740622,0.19523290390871278,1.5167815805255858,0.14094398848717124,0.2866447753767279,28,0.5602682759342617
Structural,600.0,0.06226855306389399,0.04636935366020799,-0.03287350180558754,0.15741060793337552,1.3428816265198442,0.19049121381764894,0.2537807731406734,28,0.5602682759342617
Structural,620.0,0.006578064731146156,0.051837855496682225,-0.0997844290858417,0.112940558548134,0.1268969302089893,0.8999623041890283,0.02398126567646466,28,0.9557264184899176
Structural,640.0,0.029187538612796295,0.05146044621943269,-0.07640057533192818,0.13477565255752078,0.5671839394539564,0.5752750323228071,0.10718768938750606,28,0.9278629553593662
Structural,660.0,0.05554698998277129,0.0541671316279346,-0.05559478368162931,0.1666887636471719,1.025474089422248,0.3142397922759572,0.1937963868965486,28,0.714181346081721
Structural,680.0,0.10783320614541501,0.043018631775434496,0.019566264691350074,0.19610014759947997,2.506662850374345,0.018510750731168528,0.47371475162677334,28,0.1719647523126283
Structural,700.0,0.127949628699651,0.04890140131964162,0.02761224117336107,0.22828701622594094,2.6164818440133137,0.014372962893388897,0.49446859065535165,28,0.1719647523126283
Structural,720.0,0.10107850943750159,0.05033324926511608,-0.0021967873982724345,0.2043538062732756,2.008185660836226,0.054723905260076734,0.37951141750132533,28,0.3908850375719767
Structural,740.0,0.06228294691431716,0.04569198893500189,-0.03146927034119922,0.15603516416983354,1.363104307035449,0.18410992733711595,0.2576025005326307,28,0.5602682759342617
Structural,760.0,0.012705111424050014,0.054198053819048124,-0.09850010933571376,0.12391033218381378,0.23442006730479226,0.81642745900028,0.04430122860082169,28,0.9484663955887551
Structural,780.0,-0.022096315203677625,0.05225295635396868,-0.12931052562706294,0.0851178952197077,-0.42287205826200835,0.6757376866935968,-0.07991530732566361,28,0.9332513793369843
Structural,800.0,0.009458431562675257,0.052540345452611915,-0.09834545258341001,0.11726231570876053,0.18002225682368544,0.8584794199451894,0.034021008715148016,28,0.9484663955887551
Structural,820.0,0.02373139931136615,0.05706052258372151,-0.0933471222122261,0.14080992083495839,0.4158987376350519,0.6807712993120905,0.07859747359771763,28,0.9332513793369843
Structural,840.0,0.015991444115743735,0.05146931570128259,-0.08961486850250575,0.1215977567339932,0.31069859581104237,0.7584156950407906,0.05871651551521375,28,0.9484663955887551
Structural,860.0,0.05498918656424896,0.04826684657455591,-0.04404620217169675,0.15402457530019467,1.1392744806584645,0.2645957929153745,0.21530263934746874,28,0.6614894822884362
Structural,880.0,0.09670578258466324,0.05480482026958777,-0.015744420094694206,0.20915598526402068,1.7645488500639623,0.08895133327464258,0.3334683881067317,28,0.4119135703931816
Structural,900.0,0.09239705935305431,0.050887622592681585,-0.012015717593741343,0.19680983629984997,1.8157079196374641,0.08053707630349505,0.3431365434922272,28,0.4119135703931816
Structural,920.0,0.11167898827680274,0.04541919008659746,0.01848650802330326,0.20487146853030222,2.458850280330243,0.020635770277515397,0.4646790252068054,28,0.1719647523126283
Structural,940.0,0.12666114442735155,0.044001974905899584,0.036376549530027086,0.216945739324676,2.878533172618336,0.00772167274262542,0.5439916368141342,28,0.12869454571042369
Structural,960.0,0.1478342758444214,0.046609882471443945,0.052198696619953217,0.2434698550688896,3.171736722035154,0.0037559540524145126,0.5994018993340154,28,0.09389885131036281
Structural,980.0,0.15656509909704638,0.047842295804061866,0.05840081658779557,0.2547293816062972,3.2725247914159215,0.0029162344560601577,0.618449054098575,28,0.09389885131036281
Surface,0.0,-0.04699451706259661,0.030635012881141434,-0.1098523713648892,0.01586333723969599,-1.5340132953404404,0.1366621055968695,-0.2899012633812488,28,0.3105956945383398
Surface,20.0,-0.008699086502426564,0.041796758022074915,-0.09445895010206201,0.07706077709720888,-0.20812825956099634,0.836690850006704,-0.039332543971649814,28,0.8715529687569833
Surface,40.0,0.016615054323500626,0.0397994415257657,-0.0650466543379381,0.09827676298493934,0.417469534409025,0.679636115584209,0.07889432628515732,28,0.8288245312002548
Surface,60.0,0.030149978939611053,0.03936353306684698,-0.050617319443426345,0.11091727732264844,0.7659368097983098,0.45035852388560427,0.14474845133689343,28,0.6494267552940086
Surface,80.0,0.050923522898103715,0.04426608636892011,-0.03990298395879853,0.14175002975500595,1.1503958690564948,0.2600681199325068,0.217404384199965,28,0.4212808773390125
Surface,100.0,0.03375006451569355,0.04580511682215926,-0.06023427199095726,0.12773440102234435,0.7368186538357696,0.4675872638116862,0.13924563710020244,28,0.6494267552940086
Surface,120.0,-0.030786417313950314,0.04753723816733327,-0.12832477325487604,0.0667519386269754,-0.6476273864623919,0.5226951385564242,-0.12239007191530055,28,0.7063447818330058
Surface,140.0,-0.08577443022256404,0.051785430580031114,-0.1920293569957432,0.020480496550615124,-1.6563428991867717,0.10923008409357271,-0.3130193855068519,28,0.2936222240823301
Surface,160.0,-0.10300920008422658,0.06084202844983675,-0.22784673074216327,0.021828330573710128,-1.6930599243441722,0.10195311608696075,-0.3199582510388936,28,0.2936222240823301
Surface,180.0,-0.12202758903330178,0.07405460557349514,-0.27397508863491005,0.029919910568306493,-1.6478055360405108,0.11098292593200788,-0.31140597552561944,28,0.2936222240823301
Surface,200.0,-0.1182928560728538,0.0818010029101213,-0.28613465012253325,0.04954893797682565,-1.4461052048815082,0.15965703706678283,-0.27328819583946984,28,0.34154529951821866
Surface,220.0,-0.11699873272784934,0.08176780413573667,-0.28477240851913665,0.05077494306343798,-1.4308655339897403,0.16394174376874496,-0.2704081687507493,28,0.34154529951821866
Surface,240.0,-0.11985589508810134,0.0748057950338485,-0.273344708148121,0.03363291797191835,-1.6022274081021173,0.1207416789390106,-0.3027925189721284,28,0.3018541973475265
Surface,260.0,-0.05599847825008663,0.07402993556205288,-0.2078953591693758,0.09589840266920252,-0.7564301903673541,0.4559413032482558,-0.14295186913523322,28,0.6494267552940086
Surface,280.0,-0.03332463217914243,0.07441152124657438,-0.1860044622505848,0.11935519789229994,-0.4478423719993034,0.6578397850970873,-0.08463425306195949,28,0.8222997313713591
Surface,300.0,-0.11339431710485849,0.07214782160634307,-0.2614294191743288,0.034640784964611857,-1.5716942602032646,0.1276679641946395,-0.29702229639467703,28,0.30397134332057024
Surface,320.0,-0.1827526599804794,0.0671110752817688,-0.3204532122374183,-0.045052107723540485,-2.723137115791757,0.01119350897633344,-0.5146245424510493,28,0.09719922294384943
Surface,340.0,-0.16604881290928183,0.07648363844090572,-0.3229802762737768,-0.009117349544786907,-2.17103705176863,0.0388880329330949,-0.4102874375776183,28,0.1620334705545621
Surface,360.0,-0.1214906292781638,0.07017925989245269,-0.2654865763494991,0.02250531779317151,-1.731147200246113,0.09483963641358295,-0.32715606962121063,28,0.2936222240823301
Surface,380.0,-0.16173653508685734,0.07163281747889133,-0.3087149359715089,-0.014758134202205786,-2.257855278895286,0.03224652085947128,-0.42669454030937937,28,0.14657509481577854
Surface,400.0,-0.15937470522744887,0.07841145154706448,-0.32026171435323103,0.0015123038983332615,-2.032543743075439,0.052041136063434745,-0.3841146623598552,28,0.20015821562859518
Surface,420.0,-0.17584590901168443,0.06880169714932399,-0.317015330808302,-0.03467648721506686,-2.555836793241258,0.016537619247399854,-0.4830077533275126,28,0.09719922294384943
Surface,440.0,-0.1610170382130383,0.06432334884818017,-0.2929976483019413,-0.02903642812413529,-2.5032440178617,0.018655720100208172,-0.47306865301229906,28,0.09719922294384943
Surface,460.0,-0.17731655049887327,0.07037369124256189,-0.3217114377477231,-0.032921663250023436,-2.519642601774348,0.01796979411760455,-0.47616769407561976,28,0.09719922294384943
Surface,480.0,-0.2139416349090558,0.06855557329977502,-0.35460605228033515,-0.07327721753777641,-3.120703753341056,0.0042652380843531505,-0.5897575747747348,28,0.07108730140588584
Surface,500.0,-0.14166222289117553,0.057003110991155626,-0.2586229455571414,-0.0247015002252097,-2.485166518598525,0.019439844588769885,-0.46965232677113367,28,0.09719922294384943
Surface,520.0,-0.15659770943636547,0.060818170894822755,-0.28138628843487584,-0.03180913043785509,-2.5748506923560917,0.01582836562169098,-0.486601042506907,28,0.09719922294384943
Surface,540.0,-0.22682553256138624,0.07164234621704191,-0.3738234848017587,-0.07982758032101378,-3.166081857149315,0.0038093757992850195,-0.598333230320758,28,0.07108730140588584
Surface,560.0,-0.2373665162724172,0.07292318143841081,-0.38699252530657713,-0.08774050723825724,-3.255021401841763,0.0030477866417776786,-0.615141224390439,28,0.07108730140588584
Surface,580.0,-0.17334235687166633,0.060057607039845425,-0.2965703877428023,-0.05011432600053031,-2.8862681251462745,0.007578713767165643,-0.5454534054421208,28,0.09473392208957053
Surface,600.0,-0.03495069409195008,0.05950021165790263,-0.1570350441086707,0.08713365592477053,-0.5874045338342596,0.5618127229347681,-0.11100902253694836,28,0.7392272670194318
Surface,620.0,0.07667132973351119,0.06268836825251992,-0.051954577275363026,0.20529723674238542,1.223055119646206,0.2318770191707297,0.23113569187915786,28,0.41406610566201735
Surface,640.0,-0.0168330407039128,0.06671757622740317,-0.1537261995928982,0.1200601181850726,-0.2523029410801482,0.8027177184979429,-0.047680774082018165,28,0.8539550196786627
Surface,660.0,-0.0683736911406067,0.060917391918008726,-0.19336585486236646,0.05661847258115306,-1.1224001715738867,0.27157471057688204,-0.21211369467719515,28,0.4212808773390125
Surface,680.0,-0.023000296092415468,0.05936303443517338,-0.14480318169737416,0.09880258951254324,-0.3874514891507549,0.7014595112611626,-0.0732214489567527,28,0.8350708467394793
Surface,700.0,-0.004844934318283355,0.059630896266139974,-0.12719742700221962,0.11750755836565291,-0.08124872543689132,0.9358434452166535,-0.015354565846213012,28,0.9358434452166535
Surface,720.0,-0.008430093127703162,0.05890818116793451,-0.1292996969184204,0.11243951066301407,-0.14310564272338988,0.8872694102848854,-0.02704442441829641,28,0.9053769492702912
Surface,740.0,-0.0135355328706878,0.05360042066861571,-0.12351451169473408,0.09644344595335848,-0.2525266164303291,0.8025466353637063,-0.04772304474994629,28,0.8539550196786627
Surface,760.0,-0.05229265295522074,0.046912846063731146,-0.1485498621237263,0.04396455621328483,-1.1146766257621874,0.2748130948285443,-0.21065408171595434,28,0.4212808773390125
Surface,780.0,-0.08080033301917985,0.04912052813710587,-0.18158733163652213,0.019986665598162437,-1.6449402334121672,0.11157644515128541,-0.31086448422665247,28,0.2936222240823301
Surface,800.0,-0.09058497911259725,0.053750576601859154,-0.200872052462703,0.019702094237508516,-1.6852838581356548,0.1034593108140297,-0.31848871265559997,28,0.2936222240823301
Surface,820.0,-0.06669673998268418,0.054492855297068404,-0.17850684341135345,0.0451133634459851,-1.2239538489786623,0.23154323847917924,-0.23130553575841772,28,0.41406610566201735
Surface,840.0,-0.05629246756351595,0.04749449548006151,-0.1537431227543411,0.041158187627309196,-1.1852419316075873,0.24624921185630577,-0.2239896710342502,28,0.4212808773390125
Surface,860.0,-0.06215973563054752,0.04843835523269533,-0.16154703106510426,0.037227559804009235,-1.2832751098160824,0.21030148818787428,-0.2425162003037469,28,0.4044259388228352
Surface,880.0,-0.07053906554425202,0.05070844329756856,-0.17458419694541333,0.03350606585690931,-1.3910714065961938,0.17556188056278973,-0.2628877855561674,28,0.35112376112557947
Surface,900.0,-0.059833769480324414,0.054048776941406744,-0.1707326993871387,0.05106516042648988,-1.1070328112177095,0.27804537904374826,-0.2092095365479124,28,0.4212808773390125
Surface,920.0,-0.01780144892067317,0.05570349582497996,-0.13209558152899917,0.09649268368765283,-0.319575076160484,0.751750139071301,-0.060394012623940486,28,0.8352779323014455
Surface,940.0,-0.01843850631751839,0.05690147441239078,-0.13519068794958386,0.09831367531454709,-0.3240426809310103,0.7484026597960459,-0.061238310565293226,28,0.8352779323014455
Surface,960.0,-0.022459965726552657,0.06484089824086098,-0.155502499453144,0.11058256800003871,-0.34638578946148824,0.7317377326744248,-0.06546076118584827,28,0.8352779323014455
Surface,980.0,-0.02908913854836339,0.06183991385314414,-0.15597416092875643,0.09779588383202964,-0.4703942281912542,0.6418511484236401,-0.0888961532824448,28,0.8222997313713591
Surface_minus_Structural,0.0,-0.07485146451243554,0.05815471339177069,-0.19417508012683532,0.04447215110196423,-1.2871091635889234,0.20898152659898214,-0.24324076836061734,28,0.38700282703515215
Surface_minus_Structural,20.0,-0.03022317621962942,0.0710460108180239,-0.17599754929023928,0.11555119685098045,-0.42540286036667946,0.6739146214188811,-0.08039358396755493,28,0.7487940237987568
Surface_minus_Structural,40.0,-0.013101278297836244,0.07369404556008281,-0.1643089698609026,0.1381064132652301,-0.17777933343549118,0.8602233579510766,-0.03359713603693856,28,0.891678616703649
Surface_minus_Structural,60.0,-0.009678503940400592,0.061257037979824666,-0.13536756381659665,0.11601055593579546,-0.15799823595107976,0.8756339377863404,-0.0298588599938187,28,0.891678616703649
Surface_minus_Structural,80.0,-0.009763242589155301,0.06790598622970315,-0.1490948173869502,0.12956833220863959,-0.1437758750182868,0.886745190382269,-0.027171086416363635,28,0.891678616703649
Surface_minus_Structural,100.0,0.01082697047485511,0.07875825289738435,-0.15077161624466986,0.1724255571943801,0.13747093258863652,0.891678616703649,0.0259795642949755,28,0.891678616703649
Surface_minus_Structural,120.0,-0.0627684863655281,0.07466449535006678,-0.21596737642239544,0.09043040369133921,-0.8406738178733564,0.40791423386908854,-0.1588724182725791,28,0.5103074710153693
Surface_minus_Structural,140.0,-0.07024861303192077,0.06729179322767051,-0.20831996788513646,0.06782274182129493,-1.0439402735820453,0.3057701973785972,-0.19728616767877308,28,0.4592737687762017
Surface_minus_Structural,160.0,-0.09756882963676754,0.06898901447800165,-0.2391225948446315,0.04398493557109644,-1.4142661752021266,0.1687123268677608,-0.2672711848025236,28,0.33742465373552155
Surface_minus_Structural,180.0,-0.08698218557634477,0.05962916110521493,-0.209331118004144,0.03536674685145447,-1.4587189214831608,0.15617869616314156,-0.2756719642134856,28,0.32974331698841103
Surface_minus_Structural,200.0,-0.05350660562964481,0.06291063841623175,-0.182588573343326,0.07557536208403641,-0.8505176068256115,0.4025171530569629,-0.1607327195244557,28,0.5103074710153693
Surface_minus_Structural,220.0,-0.0725685942423872,0.0718546535721925,-0.22000216519293087,0.07486497670815649,-1.0099359002472594,0.3214916381433412,-0.19085994515502744,28,0.4592737687762017
Surface_minus_Structural,240.0,-0.06491243409547509,0.08423593188525831,-0.23775028972180273,0.10792542153085255,-0.7706026708874705,0.44763351607294877,-0.14563021620074287,28,0.5328970429439867
Surface_minus_Structural,260.0,-0.05440313559846572,0.08864421733464034,-0.2362860458351914,0.12747977463825996,-0.6137245861519507,0.5445338464037315,-0.11598304488886406,28,0.6187884618224221
Surface_minus_Structural,280.0,-0.029347429165264165,0.09329415689547732,-0.2207712272927041,0.16207636896217575,-0.3145687805308508,0.75550711569395,-0.059447911679249135,28,0.8212033866238587
Surface_minus_Structural,300.0,-0.07430962687327988,0.0904354475698612,-0.25986783796867385,0.11124858422211412,-0.821686947652643,0.4184521262326028,-0.15528423707404584,28,0.5103074710153693
Surface_minus_Structural,320.0,-0.09374547125176862,0.07461667108263613,-0.24684623401729344,0.059355291513756195,-1.2563609430920308,0.2197471885064503,-0.23742990088257762,28,0.3924056937615184
Surface_minus_Structural,340.0,-0.0977734861809839,0.08284352481079892,-0.2677543584805727,0.0722073861186049,-1.1802188089447256,0.248207044817526,-0.22304039007918547,28,0.40406493762854484
Surface_minus_Structural,360.0,-0.13289232455817762,0.07845340380067145,-0.29386541259814564,0.028080763481790394,-1.6939013238459422,0.10179125076199587,-0.3201172605985319,28,0.2423601208618949
Surface_minus_Structural,380.0,-0.12418034412652104,0.08557764540341291,-0.2997711684937724,0.051410480240730305,-1.451083907966094,0.1582767921544373,-0.27422908228328735,28,0.32974331698841103
Surface_minus_Structural,400.0,-0.09396120232074272,0.09809935188174494,-0.29524444615864465,0.1073220415171592,-0.9578167492279601,0.34665386945398335,-0.18101035143067856,28,0.4684511749378154
Surface_minus_Structural,420.0,-0.20641946383022672,0.0853419684903074,-0.3815267191151383,-0.031312208545315134,-2.4187333322838755,0.02258964690324912,-0.4570976346432636,28,0.11294823451624561
Surface_minus_Structural,440.0,-0.22306753400671425,0.0774553883273329,-0.3819928634425667,-0.06414220457086178,-2.8799485590855523,0.0076953240172903375,-0.5442591197142269,28,0.0896470293893329
Surface_minus_Structural,460.0,-0.18757499291369945,0.081547440111217,-0.3548965190747429,-0.02025346675265599,-2.3001947413417105,0.029395335584437157,-0.4346959466149077,28,0.12248056493515481
Surface_minus_Structural,480.0,-0.22796810399722536,0.08496470756369348,-0.4023012838002349,-0.05363492419421584,-2.683091727542638,0.012301062532093949,-0.507056675418035,28,0.09783120944550404
Surface_minus_Structural,500.0,-0.15472565511264796,0.05493611722565794,-0.26744525689319115,-0.04200605333210476,-2.816465067545459,0.00896470293893329,-0.5322618675018584,28,0.0896470293893329
Surface_minus_Structural,520.0,-0.18786133225230733,0.053353713502883954,-0.29733410978507085,-0.07838855471954381,-3.5210544855917627,0.001547344201923538,-0.6654167515417331,28,0.04586822401610397
Surface_minus_Structural,540.0,-0.2050594345095002,0.07215425475334493,-0.353107736306306,-0.05701113271269445,-2.841959011432989,0.008432863458603675,-0.537079770035047,28,0.0896470293893329
Surface_minus_Structural,560.0,-0.24707598737995376,0.0936891373833217,-0.43931021852576707,-0.05484175623414045,-2.6371892652726845,0.013696369322370566,-0.4983819254371907,28,0.09783120944550404
Surface_minus_Structural,580.0,-0.25632298477731963,0.07419461045916148,-0.4085577506757945,-0.10408821887884481,-3.4547386015107664,0.001834728960644159,-0.6528842274523258,28,0.04586822401610397
Surface_minus_Structural,600.0,-0.09721924715584407,0.056276863782905806,-0.2126898336374143,0.018251339325726174,-1.7275171468488013,0.09549901646103286,-0.32647005401155543,28,0.24158838278252817
Surface_minus_Structural,620.0,0.07009326500236504,0.06073789710371236,-0.054530605781871466,0.19471713578660155,1.1540285117655296,0.2586015600822687,0.21809088914354058,28,0.40406493762854484
Surface_minus_Structural,640.0,-0.04602057931670911,0.07459906175181137,-0.19908521071987287,0.10704405208645465,-0.6169056049232639,0.5424645703756971,-0.11658420093062997,28,0.6187884618224221
Surface_minus_Structural,660.0,-0.12392068112337798,0.08148636648077025,-0.29111689454571854,0.04327553229896258,-1.520753550259499,0.13994745654016727,-0.2873954071003714,28,0.3180624012276529
Surface_minus_Structural,680.0,-0.1308335022378305,0.06886077247199113,-0.2721241365842674,0.01045713210860641,-1.8999714574948539,0.06816620578780681,-0.35906085533230786,28,0.22722068595935604
Surface_minus_Structural,700.0,-0.13279456301793435,0.06647448087228965,-0.2691889314388832,0.003599805403014522,-1.9976773233183789,0.055918407120096734,-0.3775255283752573,28,0.19970859685748835
Surface_minus_Structural,720.0,-0.10950860256520475,0.06361930976424005,-0.24004464377688461,0.021027438646475105,-1.7213107619529495,0.09663535311301126,-0.32529715751332894,28,0.24158838278252817
Surface_minus_Structural,740.0,-0.07581847978500493,0.06561982121798618,-0.21045923144604944,0.0588222718760396,-1.1554203955103635,0.25804124003170303,-0.2183539304465937,28,0.40406493762854484
Surface_minus_Structural,760.0,-0.06499776437927075,0.0656432085659028,-0.19968650291447015,0.06969097415592863,-0.9901673882076611,0.33088350768905744,-0.18712404753741577,28,0.45956042734591307
Surface_minus_Structural,780.0,-0.05870401781550221,0.0704226391371344,-0.2031993378481534,0.08579130221714895,-0.8335958228033395,0.4118229242082355,-0.1575348029342787,28,0.5103074710153693
Surface_minus_Structural,800.0,-0.10004341067527253,0.07620637308130546,-0.2564059725137767,0.05631915116323169,-1.3127958546004421,0.20030136074968927,-0.2480950966763771,28,0.3851949245186332
Surface_minus_Structural,820.0,-0.09042813929405032,0.07573466546478329,-0.2458228370501182,0.06496655846201756,-1.1940125270124748,0.24285819946280648,-0.22564715776934288,28,0.40406493762854484
Surface_minus_Structural,840.0,-0.07228391167925971,0.07071934656314312,-0.2173880250630619,0.07282020170454248,-1.0221235799275896,0.31579382859581306,-0.19316320011881805,28,0.4592737687762017
Surface_minus_Structural,860.0,-0.11714892219479649,0.06696231449941101,-0.25454424253883823,0.02024639814924524,-1.7494754037485807,0.09156897391141003,-0.3306197745102186,28,0.24158838278252817
Surface_minus_Structural,880.0,-0.16724484812891527,0.06639128617490835,-0.30346851513096784,-0.031021181126862696,-2.5190782972377948,0.01799300538943671,-0.4760610505422323,28,0.10221697292490642
Surface_minus_Structural,900.0,-0.15223082883337868,0.06480387819997592,-0.28519740371036073,-0.019264253956396638,-2.349100594930679,0.026388257457634796,-0.4439382842043181,28,0.11994662480743089
Surface_minus_Structural,920.0,-0.12948043719747587,0.07123441533320828,-0.2756413844017837,0.01668051000683196,-1.817666876211649,0.08022892093856158,-0.3435067514868321,28,0.23596741452518114
Surface_minus_Structural,940.0,-0.14509965074486994,0.07827832667341046,-0.30571351019238613,0.015514208702646276,-1.8536376147927711,0.0747479032009271,-0.35030458211261534,28,0.2335871975028972
Surface_minus_Structural,960.0,-0.17029424157097411,0.08519478388090325,-0.34509949898275405,0.004511015840805821,-1.998881079492312,0.0557804205229875,-0.3777530169092135,28,0.19970859685748835
Surface_minus_Structural,980.0,-0.18565423764540973,0.07398605566538564,-0.3374610844536571,-0.0338473908371624,-2.5093138967302453,0.018399055126483155,-0.47421575229618884,28,0.10221697292490642
