subj,stage,contrast,mean_beta_uV
s1,N170,Skin,0.17072546145549802
s1,N170,FSlim,-0.1967701232014513
s1,N170,Eye,-0.26602271123973376
s1,N170,Mouth,-0.32712572088842495
s1,N170,Surface,-0.07820012971646348
s1,N170,Structural,-0.2313964172205925
s1,N170,Surface_minus_Structural,0.15319628750412906
s1,P2_EPN,Skin,0.04586449173965613
s1,P2_EPN,FSlim,0.007422988220213575
s1,P2_EPN,Eye,-0.3063922076366757
s1,P2_EPN,Mouth,-0.04867346917549298
s1,P2_EPN,Surface,-0.0014044887179184284
s1,P2_EPN,Structural,-0.14948460970823108
s1,P2_EPN,Surface_minus_Structural,0.14808012099031265
s1,EditIntegration,Skin,0.09367934544160393
s1,EditIntegration,FSlim,-0.022915657510348304
s1,EditIntegration,Eye,-0.29429888466175913
s1,EditIntegration,Mouth,0.07620112430304202
s1,EditIntegration,Surface,0.08494023487232297
s1,EditIntegration,Structural,-0.15860727108605374
s1,EditIntegration,Surface_minus_Structural,0.24354750595837674
s1,LPP,Skin,-0.09316824183315468
s1,LPP,FSlim,-0.06300798431208879
s1,LPP,Eye,-0.2569025512263061
s1,LPP,Mouth,-0.28167819356666857
s1,LPP,Surface,-0.18742321769991166
s1,LPP,Structural,-0.15995526776919744
s1,LPP,Surface_minus_Structural,-0.027467949930714188
s2,N170,Skin,-0.04843639714510968
s2,N170,FSlim,0.20331291757197856
s2,N170,Eye,-0.1472405531382628
s2,N170,Mouth,0.15169630934808895
s2,N170,Surface,0.05162995610148963
s2,N170,Structural,0.028036182216857896
s2,N170,Surface_minus_Structural,0.023593773884631727
s2,P2_EPN,Skin,0.32197428737482986
s2,P2_EPN,FSlim,0.31012489876262217
s2,P2_EPN,Eye,-0.24899548074903136
s2,P2_EPN,Mouth,-0.19038004592879254
s2,P2_EPN,Surface,0.06579712072301862
s2,P2_EPN,Structural,0.03056470900679541
s2,P2_EPN,Surface_minus_Structural,0.035232411716223225
s2,EditIntegration,Skin,0.5101568351277448
s2,EditIntegration,FSlim,0.43477029334879536
s2,EditIntegration,Eye,-0.43335206431639595
s2,EditIntegration,Mouth,-0.3286898928666169
s2,EditIntegration,Surface,0.09073347113056396
s2,EditIntegration,Structural,0.0007091145161997152
s2,EditIntegration,Surface_minus_Structural,0.09002435661436425
s2,LPP,Skin,0.24027909208464182
s2,LPP,FSlim,0.5283095976068675
s2,LPP,Eye,-0.6168642632795582
s2,LPP,Mouth,-0.042038036853407165
s2,LPP,Surface,0.09912052761561733
s2,LPP,Structural,-0.04427733283634541
s2,LPP,Surface_minus_Structural,0.1433978604519627
s3,N170,Skin,0.059104860640082885
s3,N170,FSlim,-0.5119843339084927
s3,N170,Eye,0.19936101859361807
s3,N170,Mouth,0.002406233145644636
s3,N170,Surface,0.030755546892863764
s3,N170,Structural,-0.15631165765743735
s3,N170,Surface_minus_Structural,0.18706720455030112
s3,P2_EPN,Skin,-0.08582476474958312
s3,P2_EPN,FSlim,-0.6719985606251747
s3,P2_EPN,Eye,-0.06657419021680702
s3,P2_EPN,Mouth,-0.4883484872824539
s3,P2_EPN,Surface,-0.28708662601601853
s3,P2_EPN,Structural,-0.3692863754209908
s3,P2_EPN,Surface_minus_Structural,0.08219974940497235
s3,EditIntegration,Skin,-0.23659378953639448
s3,EditIntegration,FSlim,-0.5336470042636089
s3,EditIntegration,Eye,0.2495729377829301
s3,EditIntegration,Mouth,-0.5671135674387378
s3,EditIntegration,Surface,-0.40185367848756615
s3,EditIntegration,Structural,-0.1420370332403394
s3,EditIntegration,Surface_minus_Structural,-0.2598166452472267
s3,LPP,Skin,-0.61348795681453
s3,LPP,FSlim,-0.7970972294779183
s3,LPP,Eye,0.051801769368049
s3,LPP,Mouth,0.024202325040196065
s3,LPP,Surface,-0.29464281588716695
s3,LPP,Structural,-0.3726477300549347
s3,LPP,Surface_minus_Structural,0.0780049141677677
s4,N170,Skin,-0.19475623337201883
s4,N170,FSlim,0.13513255950791261
s4,N170,Eye,0.22909725620335256
s4,N170,Mouth,0.02917114740404894
s4,N170,Surface,-0.08279254298398495
s4,N170,Structural,0.18211490785563259
s4,N170,Surface_minus_Structural,-0.26490745083961753
s4,P2_EPN,Skin,-0.0785994416803926
s4,P2_EPN,FSlim,0.18333135543240095
s4,P2_EPN,Eye,0.17528308838783377
s4,P2_EPN,Mouth,-0.09440641565277935
s4,P2_EPN,Surface,-0.08650292866658599
s4,P2_EPN,Structural,0.17930722191011736
s4,P2_EPN,Surface_minus_Structural,-0.2658101505767034
s4,EditIntegration,Skin,0.04777313244431265
s4,EditIntegration,FSlim,0.3167656121096538
s4,EditIntegration,Eye,0.25881214026199667
s4,EditIntegration,Mouth,-0.0735612049749623
s4,EditIntegration,Surface,-0.01289403626532483
s4,EditIntegration,Structural,0.2877888761858252
s4,EditIntegration,Surface_minus_Structural,-0.30068291245115003
s4,LPP,Skin,0.08343352296238736
s4,LPP,FSlim,0.23341969852973873
s4,LPP,Eye,0.38921927343058926
s4,LPP,Mouth,-0.06124477818949465
s4,LPP,Surface,0.011094372386446354
s4,LPP,Structural,0.311319485980164
s4,LPP,Surface_minus_Structural,-0.3002251135937177
s6,N170,Skin,0.05206256918993751
s6,N170,FSlim,-0.036894867358693545
s6,N170,Eye,0.0793443612776646
s6,N170,Mouth,-0.03549267925053377
s6,N170,Surface,0.008284944969701873
s6,N170,Structural,0.02122474695948553
s6,N170,Surface_minus_Structural,-0.012939801989783655
s6,P2_EPN,Skin,0.2635294634715139
s6,P2_EPN,FSlim,0.22527981821537205
s6,P2_EPN,Eye,-0.08544968578697582
s6,P2_EPN,Mouth,0.020341613384730662
s6,P2_EPN,Surface,0.14193553842812226
s6,P2_EPN,Structural,0.06991506621419812
s6,P2_EPN,Surface_minus_Structural,0.07202047221392416
s6,EditIntegration,Skin,0.12429451069297268
s6,EditIntegration,FSlim,0.42462803796157655
s6,EditIntegration,Eye,-0.1551138121193376
s6,EditIntegration,Mouth,0.13039400797161435
s6,EditIntegration,Surface,0.12734425933229349
s6,EditIntegration,Structural,0.1347571129211195
s6,EditIntegration,Surface_minus_Structural,-0.007412853588825985
s6,LPP,Skin,-0.02154760456762338
s6,LPP,FSlim,0.30578739659576004
s6,LPP,Eye,-0.09592196833380243
s6,LPP,Mouth,0.2410551131273478
s6,LPP,Surface,0.1097537542798622
s6,LPP,Structural,0.10493271413097882
s6,LPP,Surface_minus_Structural,0.004821040148883384
s7,N170,Skin,-0.15900672236534624
s7,N170,FSlim,-1.730005202640136
s7,N170,Eye,-0.6160948042140544
s7,N170,Mouth,-2.2580318754757682
s7,N170,Surface,-1.2085192989205573
s7,N170,Structural,-1.1730500034270952
s7,N170,Surface_minus_Structural,-0.03546929549346223
s7,P2_EPN,Skin,-0.10554262495935514
s7,P2_EPN,FSlim,-1.287162061487943
s7,P2_EPN,Eye,0.66586336238798
s7,P2_EPN,Mouth,-2.7392520572027816
s7,P2_EPN,Surface,-1.4223973410810684
s7,P2_EPN,Structural,-0.3106493495499816
s7,P2_EPN,Surface_minus_Structural,-1.1117479915310866
s7,EditIntegration,Skin,-0.46356221203317627
s7,EditIntegration,FSlim,-0.8936435475051282
s7,EditIntegration,Eye,0.5057958760311465
s7,EditIntegration,Mouth,-0.8197460950808511
s7,EditIntegration,Surface,-0.6416541535570136
s7,EditIntegration,Structural,-0.1939238357369909
s7,EditIntegration,Surface_minus_Structural,-0.4477303178200228
s7,LPP,Skin,-0.15205109042653342
s7,LPP,FSlim,-0.09663395098474951
s7,LPP,Eye,0.1654773614775974
s7,LPP,Mouth,-0.5850439367540723
s7,LPP,Surface,-0.3685475135903029
s7,LPP,Structural,0.03442170524642391
s7,LPP,Surface_minus_Structural,-0.40296921883672676
s8,N170,Skin,-0.20051008438387408
s8,N170,FSlim,-0.2985782462210008
s8,N170,Eye,-0.17527411107868351
s8,N170,Mouth,0.05888842821621294
s8,N170,Surface,-0.07081082808383057
s8,N170,Structural,-0.23692617864984217
s8,N170,Surface_minus_Structural,0.1661153505660116
s8,P2_EPN,Skin,-0.09335519362414402
s8,P2_EPN,FSlim,-0.19013287817560642
s8,P2_EPN,Eye,-0.26148321605859776
s8,P2_EPN,Mouth,0.1257619741580696
s8,P2_EPN,Surface,0.016203390266962794
s8,P2_EPN,Structural,-0.22580804711710215
s8,P2_EPN,Surface_minus_Structural,0.24201143738406494
s8,EditIntegration,Skin,0.055261776141384014
s8,EditIntegration,FSlim,-0.012446541403464517
s8,EditIntegration,Eye,-0.3291408165386759
s8,EditIntegration,Mouth,-0.015205758873290034
s8,EditIntegration,Surface,0.020028008634046995
s8,EditIntegration,Structural,-0.1707936789710702
s8,EditIntegration,Surface_minus_Structural,0.1908216876051172
s8,LPP,Skin,0.20690867610365385
s8,LPP,FSlim,-0.05092344357608109
s8,LPP,Eye,-0.02613605294954412
s8,LPP,Mouth,-0.11316571841974736
s8,LPP,Surface,0.04687147884195325
s8,LPP,Structural,-0.03852974826281261
s8,LPP,Surface_minus_Structural,0.08540122710476586
s9,N170,Skin,-0.010611347907660863
s9,N170,FSlim,0.024885137431052213
s9,N170,Eye,-0.1677967613335513
s9,N170,Mouth,-0.25963355493069695
s9,N170,Surface,-0.1351224514191789
s9,N170,Structural,-0.07145581195124953
s9,N170,Surface_minus_Structural,-0.06366663946792937
s9,P2_EPN,Skin,-0.0006292677864033989
s9,P2_EPN,FSlim,0.04938630606339114
s9,P2_EPN,Eye,-0.21343395638592647
s9,P2_EPN,Mouth,-0.38400685076469343
s9,P2_EPN,Surface,-0.19231805927554838
s9,P2_EPN,Structural,-0.08202382516126765
s9,P2_EPN,Surface_minus_Structural,-0.11029423411428076
s9,EditIntegration,Skin,-0.25786393064070756
s9,EditIntegration,FSlim,0.06858832361242548
s9,EditIntegration,Eye,0.07903267352586998
s9,EditIntegration,Mouth,-0.4226006235118505
s9,EditIntegration,Surface,-0.34023227707627907
s9,EditIntegration,Structural,0.07381049856914773
s9,EditIntegration,Surface_minus_Structural,-0.4140427756454268
s9,LPP,Skin,-0.1613131261369423
s9,LPP,FSlim,0.0013431235626982661
s9,LPP,Eye,0.27263230568099056
s9,LPP,Mouth,-0.3336487473818092
s9,LPP,Surface,-0.2474809367593757
s9,LPP,Structural,0.1369877146218444
s9,LPP,Surface_minus_Structural,-0.38446865138122016
s10,N170,Skin,-0.14078498581853602
s10,N170,FSlim,-0.36048043306430755
s10,N170,Eye,0.04617916201412165
s10,N170,Mouth,0.284066429328962
s10,N170,Surface,0.07164072175521297
s10,N170,Structural,-0.15715063552509292
s10,N170,Surface_minus_Structural,0.2287913572803059
s10,P2_EPN,Skin,-0.007968328234922054
s10,P2_EPN,FSlim,0.040896666846669004
s10,P2_EPN,Eye,0.21052433154627348
s10,P2_EPN,Mouth,0.29954296249772033
s10,P2_EPN,Surface,0.1457873171313991
s10,P2_EPN,Structural,0.12571049919647123
s10,P2_EPN,Surface_minus_Structural,0.020076817934927865
s10,EditIntegration,Skin,-0.524880112812632
s10,EditIntegration,FSlim,0.09400679253532074
s10,EditIntegration,Eye,-0.336012560784938
s10,EditIntegration,Mouth,0.14565946282105666
s10,EditIntegration,Surface,-0.18961032499578767
s10,EditIntegration,Structural,-0.12100288412480865
s10,EditIntegration,Surface_minus_Structural,-0.06860744087097902
s10,LPP,Skin,-0.29024777881385155
s10,LPP,FSlim,0.11769133788283745
s10,LPP,Eye,-0.3934814207311973
s10,LPP,Mouth,0.17442139198657547
s10,LPP,Surface,-0.05791319341363805
s10,LPP,Structural,-0.1378950414241799
s10,LPP,Surface_minus_Structural,0.07998184801054187
s11,N170,Skin,0.3415763735565879
s11,N170,FSlim,-0.06452448590285623
s11,N170,Eye,0.06607426430382914
s11,N170,Mouth,0.42182510818091123
s11,N170,Surface,0.38170074086874956
s11,N170,Structural,0.0007748892004864547
s11,N170,Surface_minus_Structural,0.3809258516682631
s11,P2_EPN,Skin,0.12520266196522553
s11,P2_EPN,FSlim,-0.26629853712532037
s11,P2_EPN,Eye,-0.15323337532843542
s11,P2_EPN,Mouth,0.6206200207270771
s11,P2_EPN,Surface,0.37291134134615134
s11,P2_EPN,Structural,-0.20976595622687788
s11,P2_EPN,Surface_minus_Structural,0.5826772975730292
s11,EditIntegration,Skin,0.10651040515038587
s11,EditIntegration,FSlim,-0.30667264597827737
s11,EditIntegration,Eye,-0.21756614221288284
s11,EditIntegration,Mouth,0.4385671126969506
s11,EditIntegration,Surface,0.27253875892366825
s11,EditIntegration,Structural,-0.26211939409558005
s11,EditIntegration,Surface_minus_Structural,0.5346581530192482
s11,LPP,Skin,-0.01495587438330645
s11,LPP,FSlim,-0.29285460670145436
s11,LPP,Eye,-0.23984333132534952
s11,LPP,Mouth,0.43359776896415775
s11,LPP,Surface,0.20932094729042566
s11,LPP,Structural,-0.266348969013402
s11,LPP,Surface_minus_Structural,0.47566991630382766
s12,N170,Skin,-0.29192543906606716
s12,N170,FSlim,0.11211345532887668
s12,N170,Eye,-0.08274495349344803
s12,N170,Mouth,-0.3606802322358121
s12,N170,Surface,-0.32630283565093965
s12,N170,Structural,0.014684250917714317
s12,N170,Surface_minus_Structural,-0.3409870865686539
s12,P2_EPN,Skin,-0.27498335581620587
s12,P2_EPN,FSlim,0.15479248720619276
s12,P2_EPN,Eye,-0.2537617034876904
s12,P2_EPN,Mouth,-0.5415949892895032
s12,P2_EPN,Surface,-0.4082891725528546
s12,P2_EPN,Structural,-0.049484608140748836
s12,P2_EPN,Surface_minus_Structural,-0.3588045644121057
s12,EditIntegration,Skin,-0.3588781760678954
s12,EditIntegration,FSlim,0.1518359421582338
s12,EditIntegration,Eye,-0.38647682026163005
s12,EditIntegration,Mouth,-0.43251421641259047
s12,EditIntegration,Surface,-0.3956961962402429
s12,EditIntegration,Structural,-0.11732043905169813
s12,EditIntegration,Surface_minus_Structural,-0.2783757571885448
s12,LPP,Skin,-0.07720812417199684
s12,LPP,FSlim,0.057150789889074835
s12,LPP,Eye,0.006638466308174156
s12,LPP,Mouth,-0.19543789687819996
s12,LPP,Surface,-0.1363230105250984
s12,LPP,Structural,0.03189462809862449
s12,LPP,Surface_minus_Structural,-0.16821763862372288
s13,N170,Skin,0.4510045620316643
s13,N170,FSlim,-0.1869568701682322
s13,N170,Eye,-0.031173551602458646
s13,N170,Mouth,0.16647536675123653
s13,N170,Surface,0.30873996439145046
s13,N170,Structural,-0.10906521088534543
s13,N170,Surface_minus_Structural,0.41780517527679584
s13,P2_EPN,Skin,0.08297094984516017
s13,P2_EPN,FSlim,-0.3464812478768984
s13,P2_EPN,Eye,0.07604012758866432
s13,P2_EPN,Mouth,0.5204419283848397
s13,P2_EPN,Surface,0.30170643911499995
s13,P2_EPN,Structural,-0.135220560144117
s13,P2_EPN,Surface_minus_Structural,0.43692699925911693
s13,EditIntegration,Skin,0.18032947202788913
s13,EditIntegration,FSlim,-0.11276227322777131
s13,EditIntegration,Eye,-0.234174172774587
s13,EditIntegration,Mouth,-0.05695194541537616
s13,EditIntegration,Surface,0.0616887633062565
s13,EditIntegration,Structural,-0.17346822300117914
s13,EditIntegration,Surface_minus_Structural,0.23515698630743564
s13,LPP,Skin,0.5487844002147043
s13,LPP,FSlim,-0.32894690328199466
s13,LPP,Eye,0.3188776362420435
s13,LPP,Mouth,0.4532805526413319
s13,LPP,Surface,0.501032476428018
s13,LPP,Structural,-0.0050346335199755645
s13,LPP,Surface_minus_Structural,0.5060671099479936
s14,N170,Skin,0.10496573319665443
s14,N170,FSlim,0.40525057673446024
s14,N170,Eye,-0.1882444216936391
s14,N170,Mouth,0.2498853500648767
s14,N170,Surface,0.17742554163076557
s14,N170,Structural,0.10850307752041057
s14,N170,Surface_minus_Structural,0.06892246411035499
s14,P2_EPN,Skin,0.011066780026791428
s14,P2_EPN,FSlim,0.0677649675973084
s14,P2_EPN,Eye,-0.511545880733833
s14,P2_EPN,Mouth,0.1695436078886571
s14,P2_EPN,Surface,0.09030519395772425
s14,P2_EPN,Structural,-0.2218904565682623
s14,P2_EPN,Surface_minus_Structural,0.3121956505259866
s14,EditIntegration,Skin,0.2143327625727119
s14,EditIntegration,FSlim,-0.008351709976966562
s14,EditIntegration,Eye,-0.6422202151266265
s14,EditIntegration,Mouth,0.24710603226057587
s14,EditIntegration,Surface,0.23071939741664388
s14,EditIntegration,Structural,-0.32528596255179654
s14,EditIntegration,Surface_minus_Structural,0.5560053599684405
s14,LPP,Skin,-0.04558378440219724
s14,LPP,FSlim,0.14399237334118223
s14,LPP,Eye,-0.5546675096303091
s14,LPP,Mouth,0.09605496411667663
s14,LPP,Surface,0.025235589857239702
s14,LPP,Structural,-0.20533756814456347
s14,LPP,Surface_minus_Structural,0.2305731580018032
s15,N170,Skin,-0.28102551870578457
s15,N170,FSlim,0.2748365992988219
s15,N170,Eye,0.3929425850951942
s15,N170,Mouth,-0.46459093196240053
s15,N170,Surface,-0.3728082253340926
s15,N170,Structural,0.3338895921970081
s15,N170,Surface_minus_Structural,-0.7066978175311007
s15,P2_EPN,Skin,-0.22884683842684017
s15,P2_EPN,FSlim,0.15423003975388128
s15,P2_EPN,Eye,0.4316848354307729
s15,P2_EPN,Mouth,-0.45739614875889933
s15,P2_EPN,Surface,-0.34312149359286975
s15,P2_EPN,Structural,0.2929574375923271
s15,P2_EPN,Surface_minus_Structural,-0.6360789311851968
s15,EditIntegration,Skin,-0.47952984788533554
s15,EditIntegration,FSlim,0.27329367589204684
s15,EditIntegration,Eye,0.26326052081547313
s15,EditIntegration,Mouth,-0.5691562487948421
s15,EditIntegration,Surface,-0.5243430483400888
s15,EditIntegration,Structural,0.26827709835375996
s15,EditIntegration,Surface_minus_Structural,-0.7926201466938487
s15,LPP,Skin,-0.5826252317928287
s15,LPP,FSlim,0.006334719147021199
s15,LPP,Eye,0.6205667767912095
s15,LPP,Mouth,-0.2209824506350779
s15,LPP,Surface,-0.40180384121395324
s15,LPP,Structural,0.3134507479691153
s15,LPP,Surface_minus_Structural,-0.7152545891830686
s16,N170,Skin,-0.7587134950475181
s16,N170,FSlim,-1.0267733927454223
s16,N170,Eye,0.10037654614918112
s16,N170,Mouth,-0.23443923315931303
s16,N170,Surface,-0.49657636410341555
s16,N170,Structural,-0.4631984232981206
s16,N170,Surface_minus_Structural,-0.033377940805294964
s16,P2_EPN,Skin,-0.43387471738814254
s16,P2_EPN,FSlim,-0.7359107442986842
s16,P2_EPN,Eye,0.09597296733232287
s16,P2_EPN,Mouth,-0.14153505546342535
s16,P2_EPN,Surface,-0.2877048864257839
s16,P2_EPN,Structural,-0.31996888848318067
s16,P2_EPN,Surface_minus_Structural,0.03226400205739677
s16,EditIntegration,Skin,-0.061684880579631736
s16,EditIntegration,FSlim,0.14151783103531768
s16,EditIntegration,Eye,0.16722439848196352
s16,EditIntegration,Mouth,-0.5898686354469738
s16,EditIntegration,Surface,-0.32577675801330275
s16,EditIntegration,Structural,0.15437111475864057
s16,EditIntegration,Surface_minus_Structural,-0.4801478727719434
s16,LPP,Skin,-0.014823646364887984
s16,LPP,FSlim,0.09441838640892158
s16,LPP,Eye,0.00013893349278229803
s16,LPP,Mouth,-0.3899064813278652
s16,LPP,Surface,-0.2023650638463766
s16,LPP,Structural,0.04727865995085195
s16,LPP,Surface_minus_Structural,-0.24964372379722852
s17,N170,Skin,0.4315025911404743
s17,N170,FSlim,0.375679865484476
s17,N170,Eye,-0.07011793159261728
s17,N170,Mouth,0.012907158436557514
s17,N170,Surface,0.22220487478851592
s17,N170,Structural,0.15278096694592935
s17,N170,Surface_minus_Structural,0.06942390784258654
s17,P2_EPN,Skin,0.9104702264665286
s17,P2_EPN,FSlim,0.1339072409556206
s17,P2_EPN,Eye,-0.01918615658272145
s17,P2_EPN,Mouth,0.12331731131219731
s17,P2_EPN,Surface,0.516893768889363
s17,P2_EPN,Structural,0.05736054218644957
s17,P2_EPN,Surface_minus_Structural,0.45953322670291347
s17,EditIntegration,Skin,0.41113960796859167
s17,EditIntegration,FSlim,0.2847989239581802
s17,EditIntegration,Eye,0.1405071385062249
s17,EditIntegration,Mouth,-0.3764693356632849
s17,EditIntegration,Surface,0.01733513615265342
s17,EditIntegration,Structural,0.21265303123220258
s17,EditIntegration,Surface_minus_Structural,-0.1953178950795491
s17,LPP,Skin,0.17663345151617688
s17,LPP,FSlim,0.2129982478260284
s17,LPP,Eye,0.20660074174645982
s17,LPP,Mouth,-0.2902396107588846
s17,LPP,Surface,-0.05680307962135384
s17,LPP,Structural,0.2097994947862441
s17,LPP,Surface_minus_Structural,-0.26660257440759794
s19,N170,Skin,0.04566500795887138
s19,N170,FSlim,-0.06131216844739279
s19,N170,Eye,-0.1128276877054197
s19,N170,Mouth,-0.024716828681443856
s19,N170,Surface,0.01047408963871376
s19,N170,Structural,-0.08706992807640623
s19,N170,Surface_minus_Structural,0.09754401771511999
s19,P2_EPN,Skin,0.6798229079919653
s19,P2_EPN,FSlim,-0.21513152856892656
s19,P2_EPN,Eye,-0.21619470785783781
s19,P2_EPN,Mouth,-0.13378203096276967
s19,P2_EPN,Surface,0.2730204385145979
s19,P2_EPN,Structural,-0.21566311821338222
s19,P2_EPN,Surface_minus_Structural,0.4886835567279801
s19,EditIntegration,Skin,0.5838089694695322
s19,EditIntegration,FSlim,-0.282195403359907
s19,EditIntegration,Eye,-0.12470280491756784
s19,EditIntegration,Mouth,-0.08622331034199315
s19,EditIntegration,Surface,0.24879282956376952
s19,EditIntegration,Structural,-0.2034491041387374
s19,EditIntegration,Surface_minus_Structural,0.452241933702507
s19,LPP,Skin,0.3648183245054059
s19,LPP,FSlim,0.010945867987132636
s19,LPP,Eye,0.13171241683744495
s19,LPP,Mouth,-0.025917652157891394
s19,LPP,Surface,0.16945033617375727
s19,LPP,Structural,0.0713291424122888
s19,LPP,Surface_minus_Structural,0.09812119376146848
s20,N170,Skin,-0.2544447431275878
s20,N170,FSlim,0.007207896453284499
s20,N170,Eye,0.30631068012409923
s20,N170,Mouth,-0.045076669414829816
s20,N170,Surface,-0.1497607062712088
s20,N170,Structural,0.15675928828869184
s20,N170,Surface_minus_Structural,-0.30651999455990064
s20,P2_EPN,Skin,-0.2027104890265162
s20,P2_EPN,FSlim,0.040496084089242664
s20,P2_EPN,Eye,0.7284197682175803
s20,P2_EPN,Mouth,-0.3522627922648373
s20,P2_EPN,Surface,-0.2774866406456767
s20,P2_EPN,Structural,0.3844579261534114
s20,P2_EPN,Surface_minus_Structural,-0.6619445667990881
s20,EditIntegration,Skin,-0.7448796660717159
s20,EditIntegration,FSlim,0.08515021435414843
s20,EditIntegration,Eye,0.16392057406463628
s20,EditIntegration,Mouth,-0.4187571956454103
s20,EditIntegration,Surface,-0.5818184308585631
s20,EditIntegration,Structural,0.12453539420939236
s20,EditIntegration,Surface_minus_Structural,-0.7063538250679555
s20,LPP,Skin,-0.7278460086742966
s20,LPP,FSlim,0.0660376810465762
s20,LPP,Eye,-0.2590079005136654
s20,LPP,Mouth,0.19243854581990763
s20,LPP,Surface,-0.26770373142719456
s20,LPP,Structural,-0.0964851097335446
s20,LPP,Surface_minus_Structural,-0.17121862169364988
s21,N170,Skin,0.15194466991989958
s21,N170,FSlim,0.042421069562984644
s21,N170,Eye,0.42367752454313057
s21,N170,Mouth,-0.1024856114773004
s21,N170,Surface,0.024729529221299597
s21,N170,Structural,0.2330492970530576
s21,N170,Surface_minus_Structural,-0.20831976783175798
s21,P2_EPN,Skin,-0.10051699403923053
s21,P2_EPN,FSlim,-0.4235187973882988
s21,P2_EPN,Eye,0.1762618212945635
s21,P2_EPN,Mouth,-0.07352784120394171
s21,P2_EPN,Surface,-0.08702241762158613
s21,P2_EPN,Structural,-0.12362848804686764
s21,P2_EPN,Surface_minus_Structural,0.036606070425281516
s21,EditIntegration,Skin,-0.5322757382300505
s21,EditIntegration,FSlim,-0.33727975363503626
s21,EditIntegration,Eye,0.2225787155191356
s21,EditIntegration,Mouth,-0.495282524107308
s21,EditIntegration,Surface,-0.5137791311686792
s21,EditIntegration,Structural,-0.05735051905795033
s21,EditIntegration,Surface_minus_Structural,-0.4564286121107289
s21,LPP,Skin,0.016709056610375004
s21,LPP,FSlim,-0.04347078052416395
s21,LPP,Eye,0.8249031879249383
s21,LPP,Mouth,-0.22512626120060852
s21,LPP,Surface,-0.10420860229511678
s21,LPP,Structural,0.3907162037003872
s21,LPP,Surface_minus_Structural,-0.49492480599550387
s22,N170,Skin,-0.11267968728618535
s22,N170,FSlim,0.4310137073220069
s22,N170,Eye,-0.13595754110150704
s22,N170,Mouth,0.11909769325245592
s22,N170,Surface,0.003209002983135284
s22,N170,Structural,0.14752808311024995
s22,N170,Surface_minus_Structural,-0.14431908012711464
s22,P2_EPN,Skin,-0.2875538518548076
s22,P2_EPN,FSlim,0.511248026963504
s22,P2_EPN,Eye,-0.7576554141113729
s22,P2_EPN,Mouth,0.28885542617061255
s22,P2_EPN,Surface,0.0006507871579024572
s22,P2_EPN,Structural,-0.12320369357393446
s22,P2_EPN,Surface_minus_Structural,0.12385448073183687
s22,EditIntegration,Skin,-0.7223928260146558
s22,EditIntegration,FSlim,0.3351449727456989
s22,EditIntegration,Eye,-0.6097801645785685
s22,EditIntegration,Mouth,0.16140541296114255
s22,EditIntegration,Surface,-0.2804937065267566
s22,EditIntegration,Structural,-0.13731759591643483
s22,EditIntegration,Surface_minus_Structural,-0.1431761106103218
s22,LPP,Skin,-0.31110836297728206
s22,LPP,FSlim,0.15647439828456686
s22,LPP,Eye,-0.2792092887808295
s22,LPP,Mouth,-0.18048492342205885
s22,LPP,Surface,-0.24579664319967043
s22,LPP,Structural,-0.06136744524813135
s22,LPP,Surface_minus_Structural,-0.1844291979515391
s23,N170,Skin,-0.07226820405273741
s23,N170,FSlim,-0.3764451730312663
s23,N170,Eye,-0.11417162783954077
s23,N170,Mouth,-0.1780399314850188
s23,N170,Surface,-0.1251540677688781
s23,N170,Structural,-0.24530840043540347
s23,N170,Surface_minus_Structural,0.1201543326665254
s23,P2_EPN,Skin,-0.18972023042329536
s23,P2_EPN,FSlim,-0.28192679325667225
s23,P2_EPN,Eye,-0.17228414901574574
s23,P2_EPN,Mouth,-0.16975574962490278
s23,P2_EPN,Surface,-0.17973799002409904
s23,P2_EPN,Structural,-0.22710547113620896
s23,P2_EPN,Surface_minus_Structural,0.0473674811121099
s23,EditIntegration,Skin,-0.20927726110443468
s23,EditIntegration,FSlim,-0.06519068147951144
s23,EditIntegration,Eye,-0.264450835213532
s23,EditIntegration,Mouth,-0.17957672834005078
s23,EditIntegration,Surface,-0.19442699472224273
s23,EditIntegration,Structural,-0.1648207583465217
s23,EditIntegration,Surface_minus_Structural,-0.029606236375721
s23,LPP,Skin,0.10613239904265255
s23,LPP,FSlim,0.11535916092951742
s23,LPP,Eye,0.030117894613288534
s23,LPP,Mouth,0.026720126813670076
s23,LPP,Surface,0.06642626292816133
s23,LPP,Structural,0.072738527771403
s23,LPP,Surface_minus_Structural,-0.006312264843241663
s24,N170,Skin,-0.29153477028858366
s24,N170,FSlim,-0.03947112175088178
s24,N170,Eye,0.5376259120694113
s24,N170,Mouth,0.07193031327514599
s24,N170,Surface,-0.10980222850671885
s24,N170,Structural,0.2490773951592648
s24,N170,Surface_minus_Structural,-0.35887962366598364
s24,P2_EPN,Skin,-0.2564805986744589
s24,P2_EPN,FSlim,-0.1735517264514471
s24,P2_EPN,Eye,0.48558696927872375
s24,P2_EPN,Mouth,0.17968768126995938
s24,P2_EPN,Surface,-0.03839645870224978
s24,P2_EPN,Structural,0.1560176214136383
s24,P2_EPN,Surface_minus_Structural,-0.1944140801158881
s24,EditIntegration,Skin,-0.2986291226382688
s24,EditIntegration,FSlim,-0.3866536081141695
s24,EditIntegration,Eye,0.46321727176592736
s24,EditIntegration,Mouth,0.06682215670226858
s24,EditIntegration,Surface,-0.11590348296800008
s24,EditIntegration,Structural,0.03828183182587896
s24,EditIntegration,Surface_minus_Structural,-0.15418531479387904
s24,LPP,Skin,-0.4930588899895246
s24,LPP,FSlim,-0.0033162964824695437
s24,LPP,Eye,0.5578626781010059
s24,LPP,Mouth,0.07387704779260593
s24,LPP,Surface,-0.2095909210984593
s24,LPP,Structural,0.27727319080926816
s24,LPP,Surface_minus_Structural,-0.4868641119077275
s25,N170,Skin,0.09789604374090044
s25,N170,FSlim,-0.07551878338600729
s25,N170,Eye,0.4101623835452912
s25,N170,Mouth,-0.1793026949547939
s25,N170,Surface,-0.04070332560694673
s25,N170,Structural,0.16732180007964195
s25,N170,Surface_minus_Structural,-0.20802512568658868
s25,P2_EPN,Skin,0.23190373175332465
s25,P2_EPN,FSlim,-0.10494009678593745
s25,P2_EPN,Eye,0.2935852863074319
s25,P2_EPN,Mouth,-0.20384239424113337
s25,P2_EPN,Surface,0.01403066875609564
s25,P2_EPN,Structural,0.09432259476074724
s25,P2_EPN,Surface_minus_Structural,-0.0802919260046516
s25,EditIntegration,Skin,0.34413471481908803
s25,EditIntegration,FSlim,-0.07231028136383844
s25,EditIntegration,Eye,-0.0084548581704922
s25,EditIntegration,Mouth,-0.049463452870706054
s25,EditIntegration,Surface,0.147335630974191
s25,EditIntegration,Structural,-0.040382569767165324
s25,EditIntegration,Surface_minus_Structural,0.1877182007413563
s25,LPP,Skin,0.29599263888885197
s25,LPP,FSlim,-0.12352121656288391
s25,LPP,Eye,0.020737127099766776
s25,LPP,Mouth,-0.1849834860232761
s25,LPP,Surface,0.05550457643278793
s25,LPP,Structural,-0.051392044731558575
s25,LPP,Surface_minus_Structural,0.1068966211643465
s26,N170,Skin,0.44706669975285795
s26,N170,FSlim,0.1860431670285819
s26,N170,Eye,-0.12076415047019082
s26,N170,Mouth,0.12447595568529456
s26,N170,Surface,0.28577132771907626
s26,N170,Structural,0.03263950827919554
s26,N170,Surface_minus_Structural,0.25313181943988067
s26,P2_EPN,Skin,0.42928645190807707
s26,P2_EPN,FSlim,0.42687748597649144
s26,P2_EPN,Eye,-0.02131522600733741
s26,P2_EPN,Mouth,0.181457147538983
s26,P2_EPN,Surface,0.30537179972353007
s26,P2_EPN,Structural,0.202781129984577
s26,P2_EPN,Surface_minus_Structural,0.10259066973895305
s26,EditIntegration,Skin,0.6408500144618885
s26,EditIntegration,FSlim,0.8113431240848388
s26,EditIntegration,Eye,-0.2434080677082734
s26,EditIntegration,Mouth,0.31284125080086744
s26,EditIntegration,Surface,0.4768456326313779
s26,EditIntegration,Structural,0.28396752818828275
s26,EditIntegration,Surface_minus_Structural,0.19287810444309522
s26,LPP,Skin,-0.12151679138226174
s26,LPP,FSlim,0.46231649608372183
s26,LPP,Eye,0.7361157539889454
s26,LPP,Mouth,0.9906595664424659
s26,LPP,Surface,0.4345713875301021
s26,LPP,Structural,0.5992161250363337
s26,LPP,Surface_minus_Structural,-0.16464473750623154
s27,N170,Skin,-0.11568686403057499
s27,N170,FSlim,0.022159888599426483
s27,N170,Eye,-0.002617337444650425
s27,N170,Mouth,0.19315591915163788
s27,N170,Surface,0.03873452756053143
s27,N170,Structural,0.00977127557738803
s27,N170,Surface_minus_Structural,0.028963251983143402
s27,P2_EPN,Skin,-0.06647053661784595
s27,P2_EPN,FSlim,0.05254455181330956
s27,P2_EPN,Eye,0.3975015798409863
s27,P2_EPN,Mouth,0.2788938580393818
s27,P2_EPN,Surface,0.10621166071076794
s27,P2_EPN,Structural,0.22502306582714793
s27,P2_EPN,Surface_minus_Structural,-0.11881140511637996
s27,EditIntegration,Skin,0.0011265879497649872
s27,EditIntegration,FSlim,0.012645033688591125
s27,EditIntegration,Eye,0.44017532333537035
s27,EditIntegration,Mouth,0.27893920254529625
s27,EditIntegration,Surface,0.14003289524753063
s27,EditIntegration,Structural,0.22641017851198075
s27,EditIntegration,Surface_minus_Structural,-0.0863772832644501
s27,LPP,Skin,-0.046939806615574044
s27,LPP,FSlim,-0.18792439571005118
s27,LPP,Eye,0.42332884830564077
s27,LPP,Mouth,0.15906069367236178
s27,LPP,Surface,0.05606044352839387
s27,LPP,Structural,0.11770222629779482
s27,LPP,Surface_minus_Structural,-0.06164178276940094
s28,N170,Skin,0.003183117475715966
s28,N170,FSlim,0.3058332520693789
s28,N170,Eye,0.23635577762115145
s28,N170,Mouth,-0.37677707928593585
s28,N170,Surface,-0.18679698090510993
s28,N170,Structural,0.27109451484526514
s28,N170,Surface_minus_Structural,-0.45789149575037513
s28,P2_EPN,Skin,0.20938969363035062
s28,P2_EPN,FSlim,-0.2464744439300203
s28,P2_EPN,Eye,0.25872821761976655
s28,P2_EPN,Mouth,-0.5198470697411158
s28,P2_EPN,Surface,-0.15522868805538262
s28,P2_EPN,Structural,0.006126886844873132
s28,P2_EPN,Surface_minus_Structural,-0.1613555749002557
s28,EditIntegration,Skin,-0.453167270075548
s28,EditIntegration,FSlim,-0.3808351819066814
s28,EditIntegration,Eye,0.03726537454911455
s28,EditIntegration,Mouth,-0.5275242385018426
s28,EditIntegration,Surface,-0.49034575428869526
s28,EditIntegration,Structural,-0.1717849036787834
s28,EditIntegration,Surface_minus_Structural,-0.3185608506099119
s28,LPP,Skin,-0.28625904634410027
s28,LPP,FSlim,-0.2496960589071661
s28,LPP,Eye,0.10696370090653128
s28,LPP,Mouth,-0.24708780909710282
s28,LPP,Surface,-0.2666734277206015
s28,LPP,Structural,-0.0713661790003174
s28,LPP,Surface_minus_Structural,-0.19530724872028415
s29,N170,Skin,-0.5842654674183104
s29,N170,FSlim,-0.4178063697050255
s29,N170,Eye,0.301745957496387
s29,N170,Mouth,-0.6367541403468959
s29,N170,Surface,-0.6105098038826031
s29,N170,Structural,-0.05803020610431925
s29,N170,Surface_minus_Structural,-0.5524795977782839
s29,P2_EPN,Skin,-0.8515091734274732
s29,P2_EPN,FSlim,-0.02767485882656311
s29,P2_EPN,Eye,0.2568289369017898
s29,P2_EPN,Mouth,-0.7205751421096261
s29,P2_EPN,Surface,-0.7860421577685496
s29,P2_EPN,Structural,0.11457703903761336
s29,P2_EPN,Surface_minus_Structural,-0.9006191968061629
s29,EditIntegration,Skin,-0.7850743416527592
s29,EditIntegration,FSlim,0.4917882255017505
s29,EditIntegration,Eye,0.011871099568302831
s29,EditIntegration,Mouth,-0.9223917434762878
s29,EditIntegration,Surface,-0.8537330425645235
s29,EditIntegration,Structural,0.2518296625350267
s29,EditIntegration,Surface_minus_Structural,-1.1055627050995502
s29,LPP,Skin,-0.5774851464944131
s29,LPP,FSlim,0.37624331370401287
s29,LPP,Eye,-0.41228705879545674
s29,LPP,Mouth,-0.7412530741717952
s29,LPP,Surface,-0.6593691103331041
s29,LPP,Structural,-0.018021872545721893
s29,LPP,Surface_minus_Structural,-0.6413472377873822
s30,N170,Skin,-0.7091574138426547
s30,N170,FSlim,0.46221364864003156
s30,N170,Eye,-0.3939572361265381
s30,N170,Mouth,-0.5411816006737469
s30,N170,Surface,-0.6251695072582009
s30,N170,Structural,0.03412820625674673
s30,N170,Surface_minus_Structural,-0.6592977135149476
s30,P2_EPN,Skin,-0.6964330865433394
s30,P2_EPN,FSlim,0.052717065362319904
s30,P2_EPN,Eye,-0.35355311827491603
s30,P2_EPN,Mouth,-0.10647831788587357
s30,P2_EPN,Surface,-0.4014557022146064
s30,P2_EPN,Structural,-0.15041802645629807
s30,P2_EPN,Surface_minus_Structural,-0.2510376757583083
s30,EditIntegration,Skin,-0.37036251530491054
s30,EditIntegration,FSlim,0.04910691291873731
s30,EditIntegration,Eye,-0.651739526647215
s30,EditIntegration,Mouth,-0.43280973660228106
s30,EditIntegration,Surface,-0.40158612595359583
s30,EditIntegration,Structural,-0.3013163068642388
s30,EditIntegration,Surface_minus_Structural,-0.100269819089357
s30,LPP,Skin,-1.0629742639611044
s30,LPP,FSlim,-0.12320748933130776
s30,LPP,Eye,-0.10368445745353314
s30,LPP,Mouth,-0.20737186446395586
s30,LPP,Surface,-0.6351730642125301
s30,LPP,Structural,-0.11344597339242046
s30,LPP,Surface_minus_Structural,-0.5217270908201096
