subj,window,factor,beta_uV
s1,MiddleLate_350_600,FSlim,-0.08281712330553945
s1,MiddleLate_350_600,Eye,-0.1680483958531675
s1,MiddleLate_350_600,Mouth,-0.06606294083814129
s1,MiddleLate_350_600,Skin,0.07369665977634104
s1,Late_600_1000,FSlim,-0.19989715316107742
s1,Late_600_1000,Eye,0.1101620083119624
s1,Late_600_1000,Mouth,0.5724198454255367
s1,Late_600_1000,Skin,-0.11415613322678422
s2,MiddleLate_350_600,FSlim,0.30067007315645466
s2,MiddleLate_350_600,Eye,-0.7264131462511881
s2,MiddleLate_350_600,Mouth,0.013525378164610968
s2,MiddleLate_350_600,Skin,0.2991517844375613
s2,Late_600_1000,FSlim,0.24033110191103993
s2,Late_600_1000,Eye,-0.4827155369142562
s2,Late_600_1000,Mouth,0.261350325624483
s2,Late_600_1000,Skin,0.1707300063482723
s3,MiddleLate_350_600,FSlim,-0.05536930916625743
s3,MiddleLate_350_600,Eye,0.5956252122355314
s3,MiddleLate_350_600,Mouth,-0.07629872270891702
s3,MiddleLate_350_600,Skin,-0.3840945742866835
s3,Late_600_1000,FSlim,-0.29630674270852564
s3,Late_600_1000,Eye,0.6488510228670438
s3,Late_600_1000,Mouth,-0.14982266852316237
s3,Late_600_1000,Skin,-0.47283797201267663
s4,MiddleLate_350_600,FSlim,0.7373745399575389
s4,MiddleLate_350_600,Eye,0.5154548611645813
s4,MiddleLate_350_600,Mouth,-0.08732470953081128
s4,MiddleLate_350_600,Skin,0.003792527375605273
s4,Late_600_1000,FSlim,0.6362913103747918
s4,Late_600_1000,Eye,0.6433875156931548
s4,Late_600_1000,Mouth,0.15836356352853237
s4,Late_600_1000,Skin,0.36330118460999306
s6,MiddleLate_350_600,FSlim,0.9323612986595835
s6,MiddleLate_350_600,Eye,-0.786499327509479
s6,MiddleLate_350_600,Mouth,-0.08252614245959883
s6,MiddleLate_350_600,Skin,-0.12541892177752675
s6,Late_600_1000,FSlim,0.5514830925343155
s6,Late_600_1000,Eye,-0.37853857629673626
s6,Late_600_1000,Mouth,-0.2886291324974123
s6,Late_600_1000,Skin,-0.0837046688327236
s7,MiddleLate_350_600,FSlim,-0.06083253935566559
s7,MiddleLate_350_600,Eye,-0.4400798913638736
s7,MiddleLate_350_600,Mouth,-0.5602045416039086
s7,MiddleLate_350_600,Skin,-0.16981717513098532
s7,Late_600_1000,FSlim,0.5156807723773769
s7,Late_600_1000,Eye,0.1270325012714367
s7,Late_600_1000,Mouth,-0.09401411766721135
s7,Late_600_1000,Skin,0.26691462227379775
s8,MiddleLate_350_600,FSlim,0.03941342994982833
s8,MiddleLate_350_600,Eye,-0.1036001038033162
s8,MiddleLate_350_600,Mouth,0.33195653697975136
s8,MiddleLate_350_600,Skin,-0.018866454911484976
s8,Late_600_1000,FSlim,0.25109093188025894
s8,Late_600_1000,Eye,-0.2312605073199569
s8,Late_600_1000,Mouth,0.23614618077258076
s8,Late_600_1000,Skin,-0.05279954688079862
s9,MiddleLate_350_600,FSlim,-0.1914082634518802
s9,MiddleLate_350_600,Eye,0.37628821935635437
s9,MiddleLate_350_600,Mouth,-0.49295196229764027
s9,MiddleLate_350_600,Skin,-0.08665933362487611
s9,Late_600_1000,FSlim,0.1856145758386082
s9,Late_600_1000,Eye,0.275816424759979
s9,Late_600_1000,Mouth,-0.5238336209153218
s9,Late_600_1000,Skin,-0.29821358714758384
s10,MiddleLate_350_600,FSlim,-0.41116939713320055
s10,MiddleLate_350_600,Eye,-0.4454128039792745
s10,MiddleLate_350_600,Mouth,0.09518294252567264
s10,MiddleLate_350_600,Skin,-0.29245309166621514
s10,Late_600_1000,FSlim,0.003583504334784632
s10,Late_600_1000,Eye,-0.2139241917967326
s10,Late_600_1000,Mouth,0.0375712656199189
s10,Late_600_1000,Skin,0.13804411430849478
s11,MiddleLate_350_600,FSlim,-0.3654113899238617
s11,MiddleLate_350_600,Eye,-0.8075703032809602
s11,MiddleLate_350_600,Mouth,0.03306791010690187
s11,MiddleLate_350_600,Skin,-0.6262793734687409
s11,Late_600_1000,FSlim,-1.0630657366540515
s11,Late_600_1000,Eye,-0.1623330625347162
s11,Late_600_1000,Mouth,0.04240929613829403
s11,Late_600_1000,Skin,-0.8230643775925093
s12,MiddleLate_350_600,FSlim,-0.2580673835427197
s12,MiddleLate_350_600,Eye,-0.025880769157960754
s12,MiddleLate_350_600,Mouth,0.14091281773782033
s12,MiddleLate_350_600,Skin,-0.25323172412886785
s12,Late_600_1000,FSlim,0.15796597598445647
s12,Late_600_1000,Eye,0.4113369288798788
s12,Late_600_1000,Mouth,0.35430929671521294
s12,Late_600_1000,Skin,-0.06576385605170287
s13,MiddleLate_350_600,FSlim,-0.40827536979316925
s13,MiddleLate_350_600,Eye,0.27773482034092456
s13,MiddleLate_350_600,Mouth,0.37159633446336876
s13,MiddleLate_350_600,Skin,-0.11187095359784438
s13,Late_600_1000,FSlim,-0.14764352449382168
s13,Late_600_1000,Eye,0.5253142055208263
s13,Late_600_1000,Mouth,0.4438095403303389
s13,Late_600_1000,Skin,-0.15803357416886055
s14,MiddleLate_350_600,FSlim,-0.4831476779820665
s14,MiddleLate_350_600,Eye,-0.5318316026887665
s14,MiddleLate_350_600,Mouth,-0.3056067946719768
s14,MiddleLate_350_600,Skin,-0.23780059667675335
s14,Late_600_1000,FSlim,-0.06076447303809568
s14,Late_600_1000,Eye,-0.09429631135156913
s14,Late_600_1000,Mouth,-0.6467885136489644
s14,Late_600_1000,Skin,0.13504239087870223
s15,MiddleLate_350_600,FSlim,0.1328867944759143
s15,MiddleLate_350_600,Eye,0.2062523769919533
s15,MiddleLate_350_600,Mouth,-0.2596025685919576
s15,MiddleLate_350_600,Skin,-0.304794926538352
s15,Late_600_1000,FSlim,-0.032387899053346325
s15,Late_600_1000,Eye,0.37106126761919445
s15,Late_600_1000,Mouth,-0.4578356933731852
s15,Late_600_1000,Skin,-0.42822218486434765
s16,MiddleLate_350_600,FSlim,-0.4283596627615589
s16,MiddleLate_350_600,Eye,-0.01270572875299672
s16,MiddleLate_350_600,Mouth,-1.1442169290953101
s16,MiddleLate_350_600,Skin,-0.5267605086613252
s16,Late_600_1000,FSlim,-0.30237010756805
s16,Late_600_1000,Eye,0.17511857084186488
s16,Late_600_1000,Mouth,-0.8438503720007996
s16,Late_600_1000,Skin,0.011318882491930388
s17,MiddleLate_350_600,FSlim,0.3000478721034948
s17,MiddleLate_350_600,Eye,0.7002517395401893
s17,MiddleLate_350_600,Mouth,-0.6684184169099852
s17,MiddleLate_350_600,Skin,-0.12202719906003201
s17,Late_600_1000,FSlim,0.6318472327943211
s17,Late_600_1000,Eye,0.8835624482753457
s17,Late_600_1000,Mouth,-0.2504611603458389
s17,Late_600_1000,Skin,-0.17673722349505128
s19,MiddleLate_350_600,FSlim,-0.07825886033735224
s19,MiddleLate_350_600,Eye,0.2389974563877845
s19,MiddleLate_350_600,Mouth,0.2305985429521028
s19,MiddleLate_350_600,Skin,0.5928592948670593
s19,Late_600_1000,FSlim,0.3475333893397412
s19,Late_600_1000,Eye,0.6328107180648193
s19,Late_600_1000,Mouth,0.32317100853647107
s19,Late_600_1000,Skin,0.3129085941634872
s20,MiddleLate_350_600,FSlim,0.08678580043391779
s20,MiddleLate_350_600,Eye,0.21524296819292071
s20,MiddleLate_350_600,Mouth,-0.1918108304974389
s20,MiddleLate_350_600,Skin,-0.9865523953351492
s20,Late_600_1000,FSlim,0.14442655005709393
s20,Late_600_1000,Eye,0.6728718987146476
s20,Late_600_1000,Mouth,0.09649793103512591
s20,Late_600_1000,Skin,-0.4789663396054836
s21,MiddleLate_350_600,FSlim,-0.025309689988595396
s21,MiddleLate_350_600,Eye,0.7690252768762837
s21,MiddleLate_350_600,Mouth,-0.7885884646812376
s21,MiddleLate_350_600,Skin,-0.833641586529801
s21,Late_600_1000,FSlim,0.07935348676143172
s21,Late_600_1000,Eye,0.9325205422831695
s21,Late_600_1000,Mouth,-0.9098321109184196
s21,Late_600_1000,Skin,-0.7018124189640185
s22,MiddleLate_350_600,FSlim,0.15839458943040674
s22,MiddleLate_350_600,Eye,-0.18406574834762401
s22,MiddleLate_350_600,Mouth,-0.08849096808083462
s22,MiddleLate_350_600,Skin,0.08588081559554082
s22,Late_600_1000,FSlim,-0.33090036765345276
s22,Late_600_1000,Eye,-0.10241341142685977
s22,Late_600_1000,Mouth,0.04302581204232485
s22,Late_600_1000,Skin,0.3061856523245087
s23,MiddleLate_350_600,FSlim,0.2745908649176857
s23,MiddleLate_350_600,Eye,-0.09142350196101506
s23,MiddleLate_350_600,Mouth,-0.007462165479911298
s23,MiddleLate_350_600,Skin,-0.1664833901582513
s23,Late_600_1000,FSlim,0.32297119793612417
s23,Late_600_1000,Eye,0.5035058396172475
s23,Late_600_1000,Mouth,0.16246729785997083
s23,Late_600_1000,Skin,0.255525222123224
s24,MiddleLate_350_600,FSlim,0.03996571598800077
s24,MiddleLate_350_600,Eye,0.07460123676306327
s24,MiddleLate_350_600,Mouth,-0.2569622570359623
s24,MiddleLate_350_600,Skin,-1.3005630832402708
s24,Late_600_1000,FSlim,0.29884356565469694
s24,Late_600_1000,Eye,-0.4195673604791644
s24,Late_600_1000,Mouth,-0.2738545852762382
s24,Late_600_1000,Skin,-1.2298698875474725
s25,MiddleLate_350_600,FSlim,-0.3040720367849761
s25,MiddleLate_350_600,Eye,-0.02201610749526517
s25,MiddleLate_350_600,Mouth,0.06443852634653104
s25,MiddleLate_350_600,Skin,0.008231142597774884
s25,Late_600_1000,FSlim,-0.49270366226119056
s25,Late_600_1000,Eye,0.2865051257127099
s25,Late_600_1000,Mouth,0.1952043425459059
s25,Late_600_1000,Skin,0.026913288142678404
s26,MiddleLate_350_600,FSlim,1.0399254804321547
s26,MiddleLate_350_600,Eye,0.3235414186735172
s26,MiddleLate_350_600,Mouth,0.16036121604723302
s26,MiddleLate_350_600,Skin,-0.23257435296082463
s26,Late_600_1000,FSlim,0.8583443094752821
s26,Late_600_1000,Eye,0.4450346358612771
s26,Late_600_1000,Mouth,0.6609704526395817
s26,Late_600_1000,Skin,-0.27912699026246157
s27,MiddleLate_350_600,FSlim,-0.1559860091446377
s27,MiddleLate_350_600,Eye,0.49929087665922267
s27,MiddleLate_350_600,Mouth,0.021692039135180755
s27,MiddleLate_350_600,Skin,0.033544980950956926
s27,Late_600_1000,FSlim,-0.3593578108964573
s27,Late_600_1000,Eye,0.3771811856704524
s27,Late_600_1000,Mouth,-0.5133955364546455
s27,Late_600_1000,Skin,0.5200156390739725
s28,MiddleLate_350_600,FSlim,-0.10165783502112437
s28,MiddleLate_350_600,Eye,0.15085214420338058
s28,MiddleLate_350_600,Mouth,-0.03115531903682059
s28,MiddleLate_350_600,Skin,-0.7879919755549232
s28,Late_600_1000,FSlim,-0.024306314506359755
s28,Late_600_1000,Eye,0.5273614380461598
s28,Late_600_1000,Mouth,-0.47555638221560154
s28,Late_600_1000,Skin,-0.49231560099107285
s29,MiddleLate_350_600,FSlim,0.4372213709388696
s29,MiddleLate_350_600,Eye,0.28511149452898266
s29,MiddleLate_350_600,Mouth,-1.1477204466664024
s29,MiddleLate_350_600,Skin,-0.009601488222205162
s29,Late_600_1000,FSlim,-0.036500626692702154
s29,Late_600_1000,Eye,0.8342444085008902
s29,Late_600_1000,Mouth,-0.19444225166080276
s29,Late_600_1000,Skin,0.031662445054152194
s30,MiddleLate_350_600,FSlim,0.13240993368282888
s30,MiddleLate_350_600,Eye,-0.10604401150134024
s30,MiddleLate_350_600,Mouth,-0.4333782419686306
s30,MiddleLate_350_600,Skin,-1.329058382001911
s30,Late_600_1000,FSlim,0.11729923530249026
s30,Late_600_1000,Eye,0.7769763471948619
s30,Late_600_1000,Mouth,-0.12753577481561784
s30,Late_600_1000,Skin,-1.4486223778135174
